customer_index,predicted_probability,risk_band,decision_at_0_30,actual_default
6907,0.16819653,10–20%,0,0
24575,0.16983388,10–20%,0,0
26766,0.1571446,10–20%,0,0
2156,0.15232573,10–20%,0,1
3179,0.02773306,0–10%,0,0
29382,0.44895273,40–50%,1,0
24454,0.09668061,0–10%,0,0
23886,0.026589653,0–10%,0,0
5504,0.0803879,0–10%,0,0
29720,0.08970455,0–10%,0,0
6908,0.2937164,20–30%,0,0
2159,0.29254112,20–30%,0,0
20842,0.2698637,20–30%,0,1
25128,0.11752633,10–20%,0,0
18808,0.06278517,0–10%,0,0
19077,0.5305864,50–60%,1,0
24731,0.032908905,0–10%,0,0
3054,0.51852405,50–60%,1,1
8488,0.07520092,0–10%,0,0
23921,0.19123003,10–20%,0,0
8787,0.045862235,0–10%,0,0
15139,0.14406441,10–20%,0,1
12738,0.11716399,10–20%,0,0
25031,0.14848116,10–20%,0,0
20339,0.20109564,20–30%,0,1
10308,0.1844413,10–20%,0,0
14601,0.13694641,10–20%,0,0
3591,0.057433147,0–10%,0,0
3560,0.8202548,80–90%,1,1
24890,0.46773332,40–50%,1,0
27481,0.22037125,20–30%,0,1
10271,0.13277453,10–20%,0,0
16625,0.7844181,70–80%,1,1
26720,0.1410842,10–20%,0,0
25615,0.0975465,0–10%,0,0
8312,0.10449695,10–20%,0,0
12179,0.077117,0–10%,0,0
1559,0.10274155,10–20%,0,1
6133,0.092074506,0–10%,0,0
24412,0.5000764,50–60%,1,1
24095,0.117737755,10–20%,0,0
29295,0.6789341,60–70%,1,0
5519,0.21667403,20–30%,0,0
6849,0.11485303,10–20%,0,0
12313,0.108400196,10–20%,0,0
24061,0.08617543,0–10%,0,0
14989,0.11666213,10–20%,0,0
28442,0.6571635,60–70%,1,0
14701,0.09726879,0–10%,0,0
27685,0.23839921,20–30%,0,0
29568,0.34408578,30–40%,1,0
28884,0.06402766,0–10%,0,0
2421,0.75833267,70–80%,1,1
9006,0.7116842,70–80%,1,1
20660,0.18037163,10–20%,0,1
20333,0.043954153,0–10%,0,0
26443,0.17112914,10–20%,0,0
10955,0.03834232,0–10%,0,0
18159,0.0347807,0–10%,0,0
12066,0.7840944,70–80%,1,1
13425,0.13687485,10–20%,0,0
9385,0.6134293,60–70%,1,1
27184,0.29144153,20–30%,0,1
22387,0.081949,0–10%,0,0
21906,0.18776259,10–20%,0,0
7001,0.08389449,0–10%,0,0
6744,0.37352505,30–40%,1,1
17778,0.36155114,30–40%,1,0
23307,0.05551329,0–10%,0,1
22442,0.090169266,0–10%,0,1
21143,0.14428288,10–20%,0,1
27796,0.093338184,0–10%,0,0
22407,0.029090878,0–10%,0,0
9492,0.4559299,40–50%,1,1
29958,0.08946487,0–10%,0,0
7438,0.22555013,20–30%,0,0
18922,0.102410935,10–20%,0,0
26425,0.08494983,0–10%,0,0
1046,0.17085543,10–20%,0,1
19773,0.07902311,0–10%,0,0
14583,0.59389704,50–60%,1,1
13473,0.06501673,0–10%,0,0
24176,0.30810052,30–40%,1,0
9036,0.16298136,10–20%,0,0
21393,0.32546005,30–40%,1,1
11850,0.27034572,20–30%,0,1
1132,0.7160356,70–80%,1,0
25282,0.11853146,10–20%,0,0
22533,0.10138039,10–20%,0,0
15692,0.18531853,10–20%,0,0
17399,0.11972355,10–20%,0,0
8351,0.1090196,10–20%,0,0
19582,0.09966806,0–10%,0,0
19697,0.79743767,70–80%,1,1
11946,0.39107618,30–40%,1,1
20513,0.19517045,10–20%,0,0
3926,0.19716325,10–20%,0,0
23501,0.38355646,30–40%,1,0
2656,0.37584615,30–40%,1,1
17182,0.04677277,0–10%,0,0
26570,0.18204258,10–20%,0,0
11067,0.20380743,20–30%,0,0
28079,0.1378508,10–20%,0,0
26224,0.08282528,0–10%,0,0
17282,0.21510646,20–30%,0,1
4310,0.18647544,10–20%,0,0
9718,0.2597245,20–30%,0,1
7448,0.05605182,0–10%,0,0
7937,0.09887075,0–10%,0,0
28866,0.09259949,0–10%,0,0
6347,0.37421665,30–40%,1,0
20912,0.23820716,20–30%,0,0
7017,0.18490776,10–20%,0,0
1942,0.14279774,10–20%,0,0
9818,0.11554913,10–20%,0,0
19996,0.15356365,10–20%,0,1
17720,0.235027,20–30%,0,0
15674,0.21442233,20–30%,0,0
10311,0.093371876,0–10%,0,0
20129,0.6917987,60–70%,1,1
18056,0.042589784,0–10%,0,0
14593,0.17234305,10–20%,0,0
27748,0.6008936,60–70%,1,1
4090,0.14345579,10–20%,0,0
19735,0.055398557,0–10%,0,0
26722,0.08294374,0–10%,0,0
19294,0.12010287,10–20%,0,0
9233,0.7313985,70–80%,1,0
14821,0.13768776,10–20%,0,0
23540,0.4078668,40–50%,1,0
16729,0.6026663,60–70%,1,1
17618,0.43332285,40–50%,1,1
21998,0.05503679,0–10%,0,0
23642,0.08216085,0–10%,0,0
14973,0.8676676,80–90%,1,1
9502,0.095336035,0–10%,0,0
2751,0.3143566,30–40%,1,0
25476,0.08199775,0–10%,0,0
10324,0.1085174,10–20%,0,0
4072,0.06302906,0–10%,0,0
6882,0.030737568,0–10%,0,0
7146,0.16077858,10–20%,0,0
16125,0.76183254,70–80%,1,1
18093,0.11183162,10–20%,0,0
19645,0.0570528,0–10%,0,0
3864,0.15895239,10–20%,0,0
29015,0.7611852,70–80%,1,1
6816,0.046654377,0–10%,0,0
13741,0.09669665,0–10%,0,1
14254,0.2778533,20–30%,0,0
9011,0.62539107,60–70%,1,1
197,0.14708678,10–20%,0,0
7006,0.15670124,10–20%,0,0
8331,0.10915165,10–20%,0,0
17482,0.768293,70–80%,1,1
14915,0.041370884,0–10%,0,0
6463,0.061844997,0–10%,0,0
27676,0.07555023,0–10%,0,0
4516,0.23080452,20–30%,0,0
18621,0.20229642,20–30%,0,0
19847,0.28746465,20–30%,0,0
1496,0.8622932,80–90%,1,1
13145,0.08737206,0–10%,0,0
7814,0.123385325,10–20%,0,0
15373,0.09833557,0–10%,0,0
22790,0.2535702,20–30%,0,0
2939,0.041386195,0–10%,0,0
22035,0.06700218,0–10%,0,0
10372,0.15655047,10–20%,0,0
19930,0.1363195,10–20%,0,0
25236,0.09766263,0–10%,0,0
27368,0.3311572,30–40%,1,0
8107,0.17269436,10–20%,0,0
15960,0.047625694,0–10%,0,0
28298,0.13732621,10–20%,0,0
17846,0.76036346,70–80%,1,1
14303,0.26397577,20–30%,0,0
29681,0.21248826,20–30%,0,1
3951,0.13151293,10–20%,0,0
23767,0.28990534,20–30%,0,0
11083,0.34406188,30–40%,1,1
8946,0.26144657,20–30%,0,0
12870,0.20857032,20–30%,0,1
10337,0.81132376,80–90%,1,1
15112,0.17395276,10–20%,0,0
13900,0.1586613,10–20%,0,0
5263,0.07345155,0–10%,0,0
28532,0.6480499,60–70%,1,1
10651,0.17390323,10–20%,0,0
25425,0.12896816,10–20%,0,0
21511,0.30168033,30–40%,1,1
14662,0.018530704,0–10%,0,0
4430,0.043987077,0–10%,0,0
13347,0.25576672,20–30%,0,0
27766,0.31918377,30–40%,1,1
1757,0.29096588,20–30%,0,0
28361,0.08908428,0–10%,0,0
29141,0.031624023,0–10%,0,0
21661,0.13191648,10–20%,0,0
21806,0.11364977,10–20%,0,0
14513,0.08273891,0–10%,0,0
29214,0.53490597,50–60%,1,1
25901,0.13162693,10–20%,0,0
24207,0.045075692,0–10%,0,0
2470,0.8032263,80–90%,1,1
4749,0.16726094,10–20%,0,0
6857,0.20554261,20–30%,0,1
4655,0.17286405,10–20%,0,0
802,0.124587946,10–20%,0,0
27235,0.50643456,50–60%,1,0
15033,0.7738955,70–80%,1,1
27198,0.28582612,20–30%,0,1
15056,0.44844505,40–50%,1,0
27652,0.3130781,30–40%,1,0
6731,0.09198996,0–10%,0,0
11710,0.2701926,20–30%,0,0
19824,0.73419154,70–80%,1,1
9130,0.6276615,60–70%,1,1
22689,0.063295715,0–10%,0,0
6571,0.15104064,10–20%,0,0
22927,0.11702448,10–20%,0,0
13980,0.1322107,10–20%,0,0
18912,0.099800594,0–10%,0,0
10328,0.22976077,20–30%,0,0
9386,0.09618918,0–10%,0,0
13136,0.17058252,10–20%,0,0
16327,0.27103344,20–30%,0,0
1357,0.7446425,70–80%,1,1
20938,0.072665505,0–10%,0,0
2008,0.26452067,20–30%,0,1
12090,0.3286672,30–40%,1,0
13874,0.07225229,0–10%,0,0
21258,0.05231727,0–10%,0,0
18955,0.13656577,10–20%,0,1
20585,0.022191567,0–10%,0,0
10032,0.12957253,10–20%,0,1
16853,0.7084111,70–80%,1,1
25601,0.07949944,0–10%,0,0
29527,0.07576831,0–10%,0,0
12052,0.1185748,10–20%,0,0
2073,0.13781217,10–20%,0,0
2535,0.24633999,20–30%,0,0
26475,0.3123376,30–40%,1,1
14400,0.093739636,0–10%,0,0
25783,0.096226536,0–10%,0,0
27454,0.33335626,30–40%,1,0
27472,0.104384735,10–20%,0,0
12696,0.101154245,10–20%,0,0
10571,0.12509757,10–20%,0,1
6308,0.123035386,10–20%,0,0
28316,0.0660581,0–10%,0,0
5250,0.26132885,20–30%,0,0
21421,0.047211453,0–10%,0,0
19841,0.066338375,0–10%,0,0
12128,0.17372192,10–20%,0,1
28581,0.76344204,70–80%,1,0
20736,0.44316053,40–50%,1,0
15101,0.10001865,10–20%,0,0
25447,0.13847062,10–20%,0,0
21022,0.080979906,0–10%,0,0
19603,0.22464867,20–30%,0,1
25367,0.12061138,10–20%,0,0
5988,0.31538257,30–40%,1,0
7477,0.10367996,10–20%,0,0
14541,0.67620546,60–70%,1,1
20953,0.3222467,30–40%,1,0
22649,0.069706626,0–10%,0,0
14814,0.0966261,0–10%,0,0
21386,0.3272187,30–40%,1,0
5975,0.09068254,0–10%,0,0
14412,0.1662155,10–20%,0,0
11692,0.54768777,50–60%,1,0
22517,0.14387618,10–20%,0,0
10880,0.102196924,10–20%,0,0
28106,0.044365104,0–10%,0,0
23300,0.07604656,0–10%,0,0
14151,0.5151981,50–60%,1,0
1499,0.3594856,30–40%,1,0
592,0.15872833,10–20%,0,0
10092,0.057841573,0–10%,0,0
15151,0.71012604,70–80%,1,1
2139,0.15838546,10–20%,0,1
27160,0.7496353,70–80%,1,1
4827,0.12188641,10–20%,0,0
21811,0.78333545,70–80%,1,1
21399,0.12764044,10–20%,0,0
6178,0.15162072,10–20%,0,0
20357,0.21046014,20–30%,0,1
19400,0.28338355,20–30%,0,0
21498,0.1913885,10–20%,0,0
12656,0.101241075,10–20%,0,0
12996,0.7109982,70–80%,1,1
25226,0.3685583,30–40%,1,0
7959,0.6482384,60–70%,1,0
6547,0.09964969,0–10%,0,0
18566,0.15576419,10–20%,0,0
5589,0.16669798,10–20%,0,0
9073,0.3650709,30–40%,1,0
18309,0.16985834,10–20%,0,0
5022,0.14691083,10–20%,0,0
27290,0.08819466,0–10%,0,0
21203,0.59326446,50–60%,1,1
27489,0.16572614,10–20%,0,0
15531,0.56942165,50–60%,1,1
13794,0.19930233,10–20%,0,0
19902,0.19038273,10–20%,0,0
12441,0.11166467,10–20%,0,0
10760,0.20276362,20–30%,0,0
5159,0.06819233,0–10%,0,0
3140,0.47885573,40–50%,1,1
23485,0.11872613,10–20%,0,0
15767,0.2932674,20–30%,0,0
27495,0.1662864,10–20%,0,1
27602,0.01960577,0–10%,0,0
6061,0.68449444,60–70%,1,0
8657,0.08189016,0–10%,0,1
3294,0.023034737,0–10%,0,0
11156,0.08067876,0–10%,0,0
21001,0.5754293,50–60%,1,1
18016,0.3668391,30–40%,1,0
22752,0.09401761,0–10%,0,0
28032,0.7131158,70–80%,1,0
19189,0.22931616,20–30%,0,1
4619,0.089751504,0–10%,0,0
29120,0.094466686,0–10%,0,0
15336,0.22579321,20–30%,0,0
2719,0.23072076,20–30%,0,0
13922,0.29211548,20–30%,0,1
18098,0.48558798,40–50%,1,0
5499,0.058194496,0–10%,0,0
5412,0.22877048,20–30%,0,0
26116,0.13083714,10–20%,0,0
21994,0.054614294,0–10%,0,0
4018,0.36677897,30–40%,1,1
25323,0.059812292,0–10%,0,0
2251,0.7800782,70–80%,1,0
27849,0.6409926,60–70%,1,0
3463,0.1678729,10–20%,0,0
247,0.09531595,0–10%,0,0
26861,0.07409633,0–10%,0,0
14763,0.63728386,60–70%,1,1
2747,0.056059923,0–10%,0,0
25163,0.13573927,10–20%,0,0
2310,0.33379865,30–40%,1,0
19509,0.028654108,0–10%,0,0
7240,0.07355836,0–10%,0,0
9911,0.19792472,10–20%,0,0
11491,0.079338945,0–10%,0,0
13169,0.0666649,0–10%,0,0
27669,0.4249443,40–50%,1,0
11289,0.12697892,10–20%,0,0
2918,0.09908093,0–10%,0,1
28416,0.05560688,0–10%,0,0
5914,0.17936084,10–20%,0,0
12242,0.08583413,0–10%,0,0
15810,0.7438138,70–80%,1,1
26008,0.186402,10–20%,0,0
24742,0.10019192,10–20%,0,0
16522,0.38417467,30–40%,1,0
17469,0.10097245,10–20%,0,0
24341,0.74352723,70–80%,1,1
3330,0.37030408,30–40%,1,0
3728,0.48631212,40–50%,1,1
20335,0.7594511,70–80%,1,1
24387,0.051018346,0–10%,0,0
12552,0.18799108,10–20%,0,1
8400,0.7288586,70–80%,1,0
8541,0.051278763,0–10%,0,1
16005,0.089963205,0–10%,0,0
26467,0.093642786,0–10%,0,0
8465,0.12029402,10–20%,0,0
9550,0.7881282,70–80%,1,0
20919,0.65756476,60–70%,1,1
15818,0.042156365,0–10%,0,0
8809,0.1351181,10–20%,0,0
16387,0.02611008,0–10%,0,0
23133,0.075750194,0–10%,0,1
18744,0.11637547,10–20%,0,0
7476,0.21387295,20–30%,0,1
23601,0.09821092,0–10%,0,0
9713,0.21686222,20–30%,0,0
21857,0.112666346,10–20%,0,0
7596,0.038194638,0–10%,0,0
15197,0.10280269,10–20%,0,0
11075,0.14975,10–20%,0,0
11907,0.81942004,80–90%,1,1
29689,0.23815325,20–30%,0,0
12371,0.5218227,50–60%,1,1
28450,0.1618449,10–20%,0,0
10130,0.044775978,0–10%,0,0
9356,0.092891596,0–10%,0,1
8224,0.54121816,50–60%,1,0
9134,0.053575773,0–10%,0,0
2493,0.04813261,0–10%,0,0
9726,0.28026095,20–30%,0,1
11909,0.12680009,10–20%,0,0
12153,0.15205795,10–20%,0,0
29524,0.5784263,50–60%,1,1
29300,0.8017345,80–90%,1,1
18348,0.1136913,10–20%,0,0
6920,0.18296441,10–20%,0,1
15974,0.11181357,10–20%,0,0
7444,0.1556899,10–20%,0,0
16132,0.6250008,60–70%,1,1
12759,0.10084948,10–20%,0,0
28247,0.1382731,10–20%,0,0
8279,0.12290371,10–20%,0,0
28166,0.12779045,10–20%,0,1
29087,0.56438065,50–60%,1,0
15156,0.16150138,10–20%,0,0
7533,0.11767913,10–20%,0,0
2840,0.14108585,10–20%,0,0
22502,0.4007225,40–50%,1,1
8141,0.09518694,0–10%,0,0
15899,0.12704039,10–20%,0,0
21165,0.80192816,80–90%,1,1
5546,0.17757379,10–20%,0,0
2642,0.22223727,20–30%,0,0
3198,0.24629042,20–30%,0,0
27982,0.102808714,10–20%,0,0
10310,0.12476064,10–20%,0,0
17043,0.7588972,70–80%,1,1
22321,0.12082242,10–20%,0,0
7242,0.13333602,10–20%,0,0
11754,0.27813244,20–30%,0,0
27690,0.10399003,10–20%,0,0
8774,0.13641012,10–20%,0,0
28162,0.12840137,10–20%,0,0
22711,0.04765738,0–10%,0,1
25206,0.13065268,10–20%,0,0
25908,0.18894567,10–20%,0,0
11549,0.10774943,10–20%,0,1
20943,0.64794976,60–70%,1,1
26979,0.06253169,0–10%,0,0
23626,0.07704746,0–10%,0,0
23771,0.06573364,0–10%,0,0
23043,0.12969524,10–20%,0,1
23575,0.2463808,20–30%,0,0
22104,0.11313147,10–20%,0,0
3832,0.20884815,20–30%,0,1
2775,0.09162816,0–10%,0,0
2101,0.7499487,70–80%,1,0
4094,0.075795874,0–10%,0,0
26725,0.059807494,0–10%,0,0
4771,0.16277058,10–20%,0,0
24126,0.67210245,60–70%,1,1
29994,0.732867,70–80%,1,1
12250,0.02522613,0–10%,0,0
28893,0.52984166,50–60%,1,0
16606,0.14866757,10–20%,0,0
4535,0.3287659,30–40%,1,1
13800,0.6545549,60–70%,1,0
14940,0.14236556,10–20%,0,0
12104,0.24888775,20–30%,0,0
9061,0.7503578,70–80%,1,0
3668,0.25892085,20–30%,0,0
22377,0.053565945,0–10%,0,0
15859,0.12797719,10–20%,0,0
21306,0.106118575,10–20%,0,0
19886,0.14217666,10–20%,0,0
10316,0.4991118,40–50%,1,1
13990,0.1321863,10–20%,0,0
24997,0.077240504,0–10%,0,0
27226,0.105834834,10–20%,0,0
23762,0.14441222,10–20%,0,0
20018,0.15683387,10–20%,0,0
17759,0.09511086,0–10%,0,0
2317,0.16254021,10–20%,0,0
305,0.14274858,10–20%,0,0
16554,0.8926943,80–90%,1,1
21196,0.08877964,0–10%,0,0
26512,0.13683394,10–20%,0,0
13716,0.34354383,30–40%,1,0
27894,0.058504503,0–10%,0,0
21480,0.5097854,50–60%,1,1
25082,0.06635362,0–10%,0,0
15529,0.08137064,0–10%,0,0
20439,0.48500705,40–50%,1,1
20805,0.20249547,20–30%,0,1
28592,0.14295144,10–20%,0,0
27704,0.55793476,50–60%,1,0
22098,0.070218936,0–10%,0,0
27744,0.10304135,10–20%,0,0
25826,0.054613505,0–10%,0,0
27595,0.15468751,10–20%,0,1
26881,0.03194553,0–10%,0,0
21968,0.16025408,10–20%,0,0
29968,0.15960038,10–20%,0,0
3976,0.59675574,50–60%,1,0
29491,0.13700911,10–20%,0,1
18696,0.06574632,0–10%,0,0
391,0.04507402,0–10%,0,1
27854,0.13662693,10–20%,0,0
17248,0.69809216,60–70%,1,1
18730,0.1547488,10–20%,0,1
149,0.4148212,40–50%,1,0
15801,0.053143676,0–10%,0,0
24688,0.06835815,0–10%,0,0
14882,0.25404397,20–30%,0,0
28400,0.36505336,30–40%,1,0
5000,0.5015583,50–60%,1,0
18235,0.1419397,10–20%,0,0
22043,0.060524147,0–10%,0,0
28423,0.06818072,0–10%,0,0
564,0.6486032,60–70%,1,0
23411,0.086795695,0–10%,0,0
1662,0.30532756,30–40%,1,0
239,0.09648268,0–10%,0,1
3669,0.08946765,0–10%,0,0
13392,0.13577297,10–20%,0,0
10815,0.6046357,60–70%,1,1
23753,0.3355863,30–40%,1,0
10428,0.053032506,0–10%,0,0
26419,0.17163101,10–20%,0,0
26783,0.086391345,0–10%,0,0
12230,0.43249616,40–50%,1,0
6470,0.23856217,20–30%,0,0
3650,0.055592574,0–10%,0,0
4261,0.20068452,20–30%,0,0
17738,0.18845987,10–20%,0,1
25973,0.097374834,0–10%,0,0
8897,0.2803154,20–30%,0,0
2497,0.17374602,10–20%,0,0
25614,0.044963207,0–10%,0,0
12818,0.25379708,20–30%,0,0
23322,0.14717719,10–20%,0,1
13576,0.10507276,10–20%,0,0
10102,0.79454017,70–80%,1,1
24288,0.045246974,0–10%,0,0
29858,0.27732757,20–30%,0,0
15887,0.044884082,0–10%,0,0
13668,0.1260459,10–20%,0,0
20234,0.043849144,0–10%,0,0
16686,0.5172052,50–60%,1,1
22286,0.49328178,40–50%,1,1
2390,0.43596688,40–50%,1,1
7282,0.104362786,10–20%,0,0
15545,0.6030434,60–70%,1,1
7947,0.31023064,30–40%,1,0
10814,0.12783644,10–20%,0,1
13239,0.5025756,50–60%,1,1
17448,0.09761343,0–10%,0,1
24136,0.06546188,0–10%,0,0
4918,0.022636298,0–10%,0,0
13881,0.32126752,30–40%,1,1
18280,0.29494715,20–30%,0,0
14736,0.102934115,10–20%,0,0
20947,0.041743495,0–10%,0,0
27635,0.16450565,10–20%,0,1
28729,0.08201058,0–10%,0,0
1773,0.7613625,70–80%,1,1
4906,0.32362595,30–40%,1,0
19890,0.11866839,10–20%,0,0
20144,0.079385646,0–10%,0,0
5461,0.14119874,10–20%,0,0
24012,0.6720247,60–70%,1,1
17621,0.21572517,20–30%,0,0
13112,0.09977498,0–10%,0,0
977,0.17210403,10–20%,0,0
19372,0.024750402,0–10%,0,0
22111,0.6844002,60–70%,1,1
18254,0.14316441,10–20%,0,0
24601,0.5683556,50–60%,1,1
26930,0.1826844,10–20%,0,1
10822,0.8081206,80–90%,1,1
28014,0.09424057,0–10%,0,0
14308,0.21268082,20–30%,0,0
2816,0.15973811,10–20%,0,0
7602,0.25132623,20–30%,0,1
26331,0.10004374,10–20%,0,0
22767,0.075999334,0–10%,0,0
8840,0.1891016,10–20%,0,0
10064,0.15240985,10–20%,0,1
22778,0.030016314,0–10%,0,0
689,0.10959289,10–20%,0,0
14927,0.43090007,40–50%,1,1
1084,0.11051606,10–20%,0,0
8894,0.097762704,0–10%,0,0
4007,0.23950557,20–30%,0,0
23518,0.081544235,0–10%,0,0
654,0.19313404,10–20%,0,0
8980,0.10727932,10–20%,0,0
12346,0.7390106,70–80%,1,1
29737,0.7417754,70–80%,1,1
6241,0.08858726,0–10%,0,0
20389,0.5210932,50–60%,1,0
2150,0.16403385,10–20%,0,0
6491,0.40012655,40–50%,1,0
21166,0.74498785,70–80%,1,1
3593,0.7647144,70–80%,1,0
10020,0.14716505,10–20%,0,0
26246,0.4311345,40–50%,1,1
14471,0.7619947,70–80%,1,1
24866,0.21144812,20–30%,0,0
12440,0.073467664,0–10%,0,0
21531,0.13988489,10–20%,0,0
28040,0.15639521,10–20%,0,0
3343,0.21998654,20–30%,0,1
19079,0.105961,10–20%,0,0
3894,0.11741911,10–20%,0,0
5964,0.088176705,0–10%,0,0
21101,0.37597373,30–40%,1,0
29844,0.030281719,0–10%,0,0
10889,0.08236376,0–10%,0,0
11695,0.183461,10–20%,0,0
12071,0.17091915,10–20%,0,0
7206,0.22174262,20–30%,0,0
23583,0.08482619,0–10%,0,0
14559,0.08288935,0–10%,0,0
1402,0.1468817,10–20%,0,1
9517,0.57524747,50–60%,1,1
18539,0.7596501,70–80%,1,1
897,0.7695825,70–80%,1,1
10734,0.066900946,0–10%,0,0
3076,0.11972614,10–20%,0,1
9990,0.046784706,0–10%,0,0
3397,0.41260797,40–50%,1,1
3459,0.07034589,0–10%,0,1
24759,0.39436924,30–40%,1,1
29813,0.052021984,0–10%,0,0
1634,0.10364355,10–20%,0,0
10075,0.1982536,10–20%,0,1
5762,0.29224032,20–30%,0,0
12045,0.106977224,10–20%,0,0
22697,0.17080581,10–20%,0,0
5931,0.065546475,0–10%,0,0
17861,0.16069362,10–20%,0,0
18750,0.046359595,0–10%,0,0
26151,0.06735765,0–10%,0,0
6251,0.20286997,20–30%,0,1
24407,0.11902314,10–20%,0,1
16080,0.06471234,0–10%,0,0
15821,0.17530116,10–20%,0,0
17174,0.6469672,60–70%,1,1
13862,0.15668987,10–20%,0,0
19643,0.031611454,0–10%,0,0
17485,0.7642619,70–80%,1,1
2776,0.7361509,70–80%,1,1
11613,0.16538031,10–20%,0,0
25599,0.2681665,20–30%,0,0
8422,0.08859217,0–10%,0,0
1115,0.10517102,10–20%,0,0
7314,0.08895834,0–10%,0,1
2989,0.08183353,0–10%,0,0
4568,0.1548104,10–20%,0,0
18963,0.23699717,20–30%,0,1
9010,0.14562702,10–20%,0,0
2607,0.2931729,20–30%,0,1
14071,0.5676379,50–60%,1,1
1078,0.28496,20–30%,0,0
6065,0.664257,60–70%,1,0
16325,0.356517,30–40%,1,0
26749,0.70920855,70–80%,1,1
29262,0.17644489,10–20%,0,0
396,0.13282886,10–20%,0,0
23612,0.07867762,0–10%,0,0
1587,0.04980908,0–10%,0,0
26572,0.0998086,0–10%,0,0
20419,0.15888782,10–20%,0,0
21398,0.1282641,10–20%,0,1
11790,0.15287367,10–20%,0,0
11834,0.6588954,60–70%,1,0
4972,0.16307113,10–20%,0,0
17942,0.04152795,0–10%,0,0
18571,0.21509765,20–30%,0,0
27250,0.10561987,10–20%,0,0
29013,0.079206534,0–10%,0,0
24520,0.122895196,10–20%,0,0
22408,0.06434284,0–10%,0,0
756,0.056074232,0–10%,0,0
18117,0.12616207,10–20%,0,0
22616,0.08001644,0–10%,0,0
21313,0.3237657,30–40%,1,0
9762,0.11270294,10–20%,0,1
22894,0.12315585,10–20%,0,0
25142,0.16057394,10–20%,0,0
23931,0.35562283,30–40%,1,0
10789,0.186161,10–20%,0,0
28282,0.09497687,0–10%,0,1
25665,0.1888979,10–20%,0,0
17815,0.12162375,10–20%,0,0
4104,0.6782584,60–70%,1,1
19242,0.07434839,0–10%,0,0
13770,0.1453515,10–20%,0,0
1088,0.17256522,10–20%,0,0
27743,0.16123109,10–20%,0,0
22179,0.033106584,0–10%,0,0
7038,0.14191635,10–20%,0,0
26296,0.048118617,0–10%,0,0
25942,0.4184513,40–50%,1,0
19341,0.13327038,10–20%,0,0
17992,0.044800732,0–10%,0,0
726,0.04234157,0–10%,0,0
18423,0.072464325,0–10%,0,1
17021,0.31286654,30–40%,1,0
23756,0.034752745,0–10%,0,0
11647,0.045253813,0–10%,0,0
15386,0.24195275,20–30%,0,0
17230,0.8223853,80–90%,1,1
6239,0.04730243,0–10%,0,0
9923,0.15572773,10–20%,0,0
2360,0.37785316,30–40%,1,0
26838,0.10828216,10–20%,0,0
24987,0.06544918,0–10%,0,0
12590,0.19163351,10–20%,0,0
29371,0.1548063,10–20%,0,0
20084,0.10536678,10–20%,0,0
16524,0.48046613,40–50%,1,0
12596,0.08428181,0–10%,0,0
8121,0.10331695,10–20%,0,0
9291,0.08103844,0–10%,0,0
1989,0.15136431,10–20%,0,1
23748,0.261655,20–30%,0,0
8873,0.03703618,0–10%,0,0
15548,0.038394995,0–10%,0,1
15316,0.6670053,60–70%,1,1
9601,0.101561554,10–20%,0,0
1294,0.08828259,0–10%,0,0
8760,0.13710122,10–20%,0,0
6523,0.11670921,10–20%,0,0
21212,0.8070481,80–90%,1,0
5492,0.13915963,10–20%,0,0
24118,0.064175144,0–10%,0,0
1723,0.051017407,0–10%,0,0
22997,0.041323047,0–10%,0,0
18502,0.0695429,0–10%,0,0
705,0.15112227,10–20%,0,1
28901,0.08272678,0–10%,0,0
26179,0.10949421,10–20%,0,0
27243,0.16176587,10–20%,0,1
26056,0.077380866,0–10%,0,0
17518,0.102710254,10–20%,0,0
4401,0.18322949,10–20%,0,0
2333,0.25702906,20–30%,0,0
5043,0.09050767,0–10%,0,0
9190,0.7069765,70–80%,1,1
23092,0.31443185,30–40%,1,1
8378,0.16089265,10–20%,0,0
27873,0.024738774,0–10%,0,0
5802,0.07692687,0–10%,0,0
982,0.020531384,0–10%,0,1
7636,0.07311213,0–10%,0,0
6977,0.04465856,0–10%,0,0
15110,0.532416,50–60%,1,0
12934,0.08778685,0–10%,0,0
25153,0.58201087,50–60%,1,1
13078,0.13533385,10–20%,0,0
20329,0.16661838,10–20%,0,0
17564,0.16896604,10–20%,0,0
9935,0.21450135,20–30%,0,0
9622,0.18361941,10–20%,0,0
10992,0.17422225,10–20%,0,0
15170,0.05445505,0–10%,0,0
9552,0.18728614,10–20%,0,0
27991,0.11572989,10–20%,0,0
27135,0.036528975,0–10%,0,0
20050,0.31442183,30–40%,1,0
12903,0.10261093,10–20%,0,0
4678,0.09872494,0–10%,0,0
15848,0.13262646,10–20%,0,0
19851,0.065903455,0–10%,0,0
1101,0.3922771,30–40%,1,1
6781,0.01991313,0–10%,0,0
13453,0.34418365,30–40%,1,0
17547,0.7248484,70–80%,1,1
25687,0.042048316,0–10%,0,0
23104,0.07215497,0–10%,0,0
9097,0.20120518,20–30%,0,0
18902,0.2990407,20–30%,0,0
17349,0.5701914,50–60%,1,1
1755,0.23055325,20–30%,0,0
29946,0.13245331,10–20%,0,0
13695,0.47936416,40–50%,1,0
28834,0.09384862,0–10%,0,1
12370,0.105225824,10–20%,0,0
2931,0.20132455,20–30%,0,0
2141,0.2621365,20–30%,0,0
13879,0.11431908,10–20%,0,0
29931,0.20955285,20–30%,0,0
13918,0.09439146,0–10%,0,0
6423,0.056207947,0–10%,0,0
15201,0.6756388,60–70%,1,1
16176,0.14631514,10–20%,0,0
17531,0.20203269,20–30%,0,0
26590,0.124383524,10–20%,0,0
24659,0.13893177,10–20%,0,0
26386,0.17964678,10–20%,0,0
20563,0.25595304,20–30%,0,0
21675,0.16547523,10–20%,0,0
28279,0.15995784,10–20%,0,0
11144,0.23595558,20–30%,0,0
18880,0.068827935,0–10%,0,0
22882,0.06630727,0–10%,0,0
25268,0.12581739,10–20%,0,0
13739,0.89096874,80–90%,1,1
21683,0.14403711,10–20%,0,0
10738,0.17783967,10–20%,0,0
14888,0.38788033,30–40%,1,0
13620,0.1742269,10–20%,0,0
5008,0.0820399,0–10%,0,0
13083,0.7979504,70–80%,1,1
4904,0.2547445,20–30%,0,0
15200,0.6732833,60–70%,1,1
14107,0.049008578,0–10%,0,0
16702,0.14661096,10–20%,0,0
18577,0.08362479,0–10%,0,0
16051,0.07248097,0–10%,0,0
2723,0.07671257,0–10%,0,0
14434,0.46813843,40–50%,1,1
2116,0.14230967,10–20%,0,1
16519,0.5230052,50–60%,1,1
6334,0.75413114,70–80%,1,1
19399,0.07462959,0–10%,0,0
7487,0.13789512,10–20%,0,0
3912,0.15634415,10–20%,0,0
3523,0.15839496,10–20%,0,0
26059,0.09308569,0–10%,0,0
8450,0.026056945,0–10%,0,0
2660,0.22412905,20–30%,0,1
1830,0.20836574,20–30%,0,1
24623,0.10848938,10–20%,0,0
10078,0.09587762,0–10%,0,0
29972,0.07799878,0–10%,0,0
4596,0.24317202,20–30%,0,1
214,0.77629185,70–80%,1,0
1093,0.4086205,40–50%,1,1
22851,0.6116578,60–70%,1,1
13013,0.16954315,10–20%,0,0
7593,0.17223029,10–20%,0,0
20967,0.8602478,80–90%,1,1
5439,0.705051,70–80%,1,0
12320,0.2734687,20–30%,0,0
14499,0.55925685,50–60%,1,0
20081,0.04641749,0–10%,0,0
25116,0.14930826,10–20%,0,1
13667,0.11545545,10–20%,0,0
10087,0.15576407,10–20%,0,0
1860,0.27854958,20–30%,0,0
23447,0.32073095,30–40%,1,0
14192,0.05779129,0–10%,0,0
28069,0.054511268,0–10%,0,0
27095,0.060179595,0–10%,0,0
27683,0.6351885,60–70%,1,1
19268,0.1672343,10–20%,0,0
9182,0.12438351,10–20%,0,0
19559,0.06784148,0–10%,0,0
3115,0.29611143,20–30%,0,0
14911,0.082032196,0–10%,0,0
3119,0.023593867,0–10%,0,0
13047,0.07287388,0–10%,0,0
8656,0.63383466,60–70%,1,0
21940,0.0835382,0–10%,0,0
22323,0.045569383,0–10%,0,0
3689,0.5426415,50–60%,1,0
26992,0.06101056,0–10%,0,0
14005,0.084747426,0–10%,0,0
27289,0.09170696,0–10%,0,0
5822,0.0956992,0–10%,0,0
28054,0.9038186,90–100%,1,1
6853,0.046633705,0–10%,0,1
22089,0.22489628,20–30%,0,0
20722,0.69934875,60–70%,1,0
25544,0.08156789,0–10%,0,0
3791,0.058067624,0–10%,0,1
6537,0.080114454,0–10%,0,0
20745,0.18093097,10–20%,0,0
7045,0.0836245,0–10%,0,0
12705,0.6905551,60–70%,1,1
1794,0.19595796,10–20%,0,1
29434,0.08841065,0–10%,0,0
5121,0.34327987,30–40%,1,1
6699,0.34798345,30–40%,1,0
28990,0.20733146,20–30%,0,0
23240,0.117076084,10–20%,0,0
29546,0.13136505,10–20%,0,0
6486,0.70448554,70–80%,1,1
19564,0.31746948,30–40%,1,1
13220,0.17207395,10–20%,0,0
5120,0.07699456,0–10%,0,0
10858,0.11874911,10–20%,0,0
29670,0.7328956,70–80%,1,0
12597,0.2582837,20–30%,0,1
2070,0.088635325,0–10%,0,0
18746,0.18738523,10–20%,0,0
25989,0.06714589,0–10%,0,0
12685,0.3285331,30–40%,1,0
8129,0.68069255,60–70%,1,0
26539,0.35051882,30–40%,1,0
5172,0.21099862,20–30%,0,0
16842,0.13695593,10–20%,0,0
18256,0.727888,70–80%,1,1
5113,0.7618405,70–80%,1,1
27168,0.2539235,20–30%,0,0
25079,0.24886045,20–30%,0,0
9678,0.088423185,0–10%,0,0
4382,0.30141687,30–40%,1,1
23205,0.20538324,20–30%,0,1
13282,0.3478775,30–40%,1,0
20641,0.29463357,20–30%,0,0
15588,0.071191914,0–10%,0,0
8788,0.6867873,60–70%,1,1
10714,0.26191145,20–30%,0,0
2183,0.17389545,10–20%,0,0
16890,0.04188885,0–10%,0,0
4366,0.71916896,70–80%,1,1
23463,0.24459139,20–30%,0,1
16123,0.10997719,10–20%,0,0
6633,0.054646023,0–10%,0,0
24139,0.1916619,10–20%,0,1
21249,0.12047668,10–20%,0,0
1290,0.12814485,10–20%,0,0
19904,0.16011833,10–20%,0,0
8470,0.76072747,70–80%,1,1
16756,0.15439366,10–20%,0,0
910,0.6769383,60–70%,1,0
8075,0.1928542,10–20%,0,0
6898,0.14533304,10–20%,0,0
10962,0.17551476,10–20%,0,1
4886,0.044545352,0–10%,0,0
13332,0.17953178,10–20%,0,0
28163,0.34623632,30–40%,1,0
20299,0.023460614,0–10%,0,0
8887,0.15995388,10–20%,0,0
20093,0.13276388,10–20%,0,0
23270,0.1313337,10–20%,0,0
25059,0.14072703,10–20%,0,1
17405,0.2466742,20–30%,0,0
11774,0.14090958,10–20%,0,0
10140,0.3278176,30–40%,1,1
19989,0.09020834,0–10%,0,0
1297,0.11445639,10–20%,0,0
11822,0.14045042,10–20%,0,0
10163,0.11166836,10–20%,0,0
15590,0.1463502,10–20%,0,0
2015,0.20880808,20–30%,0,1
13995,0.13403402,10–20%,0,0
22944,0.06694391,0–10%,0,0
2054,0.17593786,10–20%,0,0
11844,0.6385149,60–70%,1,0
13366,0.11169684,10–20%,0,0
8573,0.6895629,60–70%,1,1
27939,0.18053082,10–20%,0,0
20404,0.020334324,0–10%,0,0
11426,0.23524751,20–30%,0,0
7194,0.13862884,10–20%,0,0
15506,0.14317423,10–20%,0,0
29203,0.13540155,10–20%,0,0
17647,0.32161936,30–40%,1,1
3813,0.1310889,10–20%,0,0
23663,0.05535846,0–10%,0,1
23044,0.044925127,0–10%,0,0
22450,0.08430058,0–10%,0,0
12969,0.19645846,10–20%,0,0
26558,0.12405381,10–20%,0,1
17435,0.15306853,10–20%,0,0
18688,0.0823649,0–10%,0,1
5603,0.05985497,0–10%,0,0
2909,0.07607981,0–10%,0,0
3793,0.11550051,10–20%,0,0
16611,0.43844402,40–50%,1,0
1173,0.18744826,10–20%,0,0
1961,0.04054221,0–10%,0,0
1654,0.121279694,10–20%,0,0
21567,0.15487342,10–20%,0,0
7696,0.096249074,0–10%,0,1
13600,0.074606836,0–10%,0,0
16542,0.73498136,70–80%,1,1
20746,0.1323627,10–20%,0,0
11945,0.19077237,10–20%,0,0
29450,0.2538892,20–30%,0,0
12976,0.3511864,30–40%,1,0
21486,0.1596061,10–20%,0,0
6989,0.39151785,30–40%,1,0
24488,0.12504071,10–20%,0,0
19634,0.059405837,0–10%,0,0
3555,0.12431481,10–20%,0,0
23727,0.19626805,10–20%,0,0
20934,0.036089227,0–10%,0,0
7931,0.10304602,10–20%,0,0
14440,0.15175147,10–20%,0,0
10670,0.039682828,0–10%,0,1
20472,0.6221528,60–70%,1,1
27616,0.13011432,10–20%,0,0
19071,0.054241672,0–10%,0,0
18711,0.12673704,10–20%,0,0
5320,0.090541296,0–10%,0,0
29191,0.040929254,0–10%,0,0
7719,0.06194307,0–10%,0,0
8723,0.7099736,70–80%,1,0
14089,0.08546039,0–10%,0,0
15900,0.16844,10–20%,0,0
27916,0.054963343,0–10%,0,0
6821,0.17269659,10–20%,0,0
4249,0.17048913,10–20%,0,0
23597,0.045542937,0–10%,0,0
24744,0.116863,10–20%,0,0
6072,0.4659395,40–50%,1,1
10757,0.14670672,10–20%,0,0
18901,0.067938335,0–10%,0,0
15457,0.33552608,30–40%,1,0
19991,0.35086003,30–40%,1,0
15421,0.7025417,70–80%,1,1
8288,0.10847718,10–20%,0,1
6085,0.41084933,40–50%,1,1
21160,0.104529336,10–20%,0,0
20165,0.06473126,0–10%,0,0
1894,0.5808003,50–60%,1,1
17769,0.12320192,10–20%,0,0
18171,0.050736655,0–10%,0,0
749,0.3482194,30–40%,1,1
7390,0.11353476,10–20%,0,0
27960,0.14458218,10–20%,0,0
14752,0.04223306,0–10%,0,0
5148,0.4018963,40–50%,1,1
23070,0.13317235,10–20%,0,1
1375,0.19829284,10–20%,0,0
5100,0.102069825,10–20%,0,0
18510,0.15436785,10–20%,0,0
6759,0.1255674,10–20%,0,0
9286,0.8131199,80–90%,1,1
13389,0.21063796,20–30%,0,0
2949,0.16497436,10–20%,0,0
17809,0.10180765,10–20%,0,1
15731,0.26412565,20–30%,0,0
17294,0.67785734,60–70%,1,0
26621,0.15650956,10–20%,0,0
23289,0.10505938,10–20%,0,0
20351,0.14964889,10–20%,0,0
27776,0.074021176,0–10%,0,0
24788,0.14998738,10–20%,0,0
15265,0.042474877,0–10%,0,0
13825,0.09972176,0–10%,0,0
21229,0.21716952,20–30%,0,0
29996,0.13817288,10–20%,0,0
28284,0.07011136,0–10%,0,0
13401,0.050257236,0–10%,0,1
19893,0.12393557,10–20%,0,0
19710,0.038892407,0–10%,0,0
16921,0.14160916,10–20%,0,0
7289,0.145724,10–20%,0,0
26449,0.116042756,10–20%,0,0
18408,0.15350372,10–20%,0,0
17795,0.25830796,20–30%,0,0
16585,0.045720123,0–10%,0,0
411,0.21173596,20–30%,0,0
13661,0.024660794,0–10%,0,0
29840,0.87691057,80–90%,1,1
20448,0.06669481,0–10%,0,0
6272,0.13885352,10–20%,0,0
1788,0.13369156,10–20%,0,0
678,0.095514774,0–10%,0,0
14592,0.1194792,10–20%,0,0
29331,0.09865323,0–10%,0,0
22930,0.116478845,10–20%,0,0
28104,0.3043311,30–40%,1,0
2154,0.12968537,10–20%,0,0
18069,0.23860367,20–30%,0,0
15730,0.33540368,30–40%,1,0
6228,0.5750607,50–60%,1,1
13680,0.6683107,60–70%,1,0
15660,0.25406095,20–30%,0,0
2325,0.108258635,10–20%,0,0
25199,0.17531057,10–20%,0,0
17157,0.17445472,10–20%,0,0
4253,0.1535429,10–20%,0,0
15793,0.11603184,10–20%,0,0
1678,0.32220057,30–40%,1,0
24309,0.10885541,10–20%,0,0
20095,0.10243228,10–20%,0,0
22452,0.13273184,10–20%,0,0
1096,0.15418105,10–20%,0,0
2246,0.12614089,10–20%,0,0
6589,0.14014053,10–20%,0,0
21971,0.29210502,20–30%,0,0
18599,0.035620324,0–10%,0,0
6161,0.037632227,0–10%,0,0
11171,0.4771685,40–50%,1,1
11784,0.6460938,60–70%,1,0
1181,0.63047427,60–70%,1,0
29483,0.07128961,0–10%,0,1
28056,0.31920308,30–40%,1,0
16128,0.07190608,0–10%,0,1
24392,0.32060644,30–40%,1,1
23276,0.058371063,0–10%,0,0
8990,0.1010933,10–20%,0,0
11405,0.046846725,0–10%,0,0
8520,0.8021546,80–90%,1,1
29116,0.15771106,10–20%,0,0
8574,0.30956796,30–40%,1,1
27883,0.67095613,60–70%,1,0
255,0.16005197,10–20%,0,0
16810,0.14148164,10–20%,0,0
23016,0.13440542,10–20%,0,0
17857,0.09760933,0–10%,0,0
13090,0.057684198,0–10%,0,0
23948,0.11133786,10–20%,0,0
7332,0.07282023,0–10%,0,0
27607,0.09272824,0–10%,0,0
25663,0.10604664,10–20%,0,0
4689,0.43998802,40–50%,1,0
21227,0.07176085,0–10%,0,0
17393,0.77699095,70–80%,1,1
7713,0.04534742,0–10%,0,0
24026,0.17741713,10–20%,0,0
20844,0.24482422,20–30%,0,0
11812,0.07308021,0–10%,0,0
10735,0.11383012,10–20%,0,0
26083,0.17108557,10–20%,0,1
13342,0.22399765,20–30%,0,0
13828,0.074909285,0–10%,0,0
5946,0.06781393,0–10%,0,1
16503,0.24485531,20–30%,0,0
26451,0.1529335,10–20%,0,0
17541,0.5292445,50–60%,1,1
1463,0.044480957,0–10%,0,0
5422,0.12175288,10–20%,0,1
21028,0.13562074,10–20%,0,0
15596,0.14506118,10–20%,0,0
29291,0.06724438,0–10%,0,0
3441,0.35308775,30–40%,1,0
20096,0.10187554,10–20%,0,0
23635,0.3949038,30–40%,1,1
3803,0.32116798,30–40%,1,0
25220,0.6221442,60–70%,1,0
25106,0.24134451,20–30%,0,0
3045,0.3193418,30–40%,1,0
29976,0.8115181,80–90%,1,1
8821,0.76959896,70–80%,1,1
19044,0.10001741,10–20%,0,0
21819,0.1614388,10–20%,0,0
8998,0.53830665,50–60%,1,1
29289,0.111563526,10–20%,0,0
1233,0.36356753,30–40%,1,0
10635,0.11475848,10–20%,0,0
22561,0.15053111,10–20%,0,0
18872,0.16580321,10–20%,0,0
18175,0.2104138,20–30%,0,0
23355,0.62548393,60–70%,1,1
7759,0.40664157,40–50%,1,0
22189,0.109051764,10–20%,0,0
28720,0.18187399,10–20%,0,0
17209,0.14576897,10–20%,0,0
27900,0.08401615,0–10%,0,0
10550,0.051217683,0–10%,0,0
16099,0.2033652,20–30%,0,1
3502,0.042790074,0–10%,0,0
27185,0.20069477,20–30%,0,0
3425,0.18495974,10–20%,0,0
12505,0.05952164,0–10%,0,0
10565,0.13157883,10–20%,0,0
16362,0.33059198,30–40%,1,0
20623,0.12504415,10–20%,0,0
8446,0.20277911,20–30%,0,1
4607,0.14908531,10–20%,0,0
27563,0.11261861,10–20%,0,0
14165,0.10494789,10–20%,0,0
10114,0.1262693,10–20%,0,0
18188,0.2656138,20–30%,0,1
27613,0.49815023,40–50%,1,1
13050,0.6826004,60–70%,1,1
6564,0.17939122,10–20%,0,0
15868,0.0718307,0–10%,0,0
4455,0.30150536,30–40%,1,0
9825,0.09900897,0–10%,0,0
1988,0.7969619,70–80%,1,0
20519,0.12992124,10–20%,0,0
28567,0.16918173,10–20%,0,0
27721,0.18880142,10–20%,0,1
499,0.32637563,30–40%,1,0
20647,0.08686101,0–10%,0,0
20692,0.17431934,10–20%,0,0
8403,0.0236781,0–10%,0,0
14319,0.09164373,0–10%,0,0
6403,0.13308734,10–20%,0,1
18838,0.16683497,10–20%,0,0
2113,0.1500782,10–20%,0,1
14561,0.1880482,10–20%,0,0
20771,0.21734037,20–30%,0,0
15654,0.21501617,20–30%,0,0
15048,0.06571824,0–10%,0,0
4229,0.42923877,40–50%,1,1
22402,0.44692868,40–50%,1,0
15847,0.09853283,0–10%,0,0
871,0.10020511,10–20%,0,0
26953,0.11170973,10–20%,0,0
28559,0.09063465,0–10%,0,1
18590,0.051358853,0–10%,0,0
7785,0.5925811,50–60%,1,1
12835,0.49399406,40–50%,1,1
25251,0.04911737,0–10%,0,0
996,0.30482078,30–40%,1,0
13177,0.82262933,80–90%,1,1
25420,0.4787599,40–50%,1,1
4955,0.121038176,10–20%,0,1
3302,0.46020007,40–50%,1,1
441,0.22365594,20–30%,0,0
990,0.17475222,10–20%,0,0
4565,0.12653928,10–20%,0,1
18960,0.13134347,10–20%,0,1
27486,0.13760856,10–20%,0,1
9779,0.3402441,30–40%,1,0
3696,0.14269134,10–20%,0,0
10620,0.17657562,10–20%,0,0
11335,0.09828483,0–10%,0,0
4395,0.18621042,10–20%,0,0
12210,0.13324657,10–20%,0,0
9401,0.10431457,10–20%,0,0
25692,0.019488914,0–10%,0,0
6599,0.0852832,0–10%,0,0
22453,0.081916824,0–10%,0,0
26269,0.070285745,0–10%,0,0
18344,0.14654945,10–20%,0,0
23950,0.32767013,30–40%,1,0
9191,0.7833546,70–80%,1,0
16940,0.13507362,10–20%,0,1
9089,0.5706211,50–60%,1,1
5366,0.3767122,30–40%,1,0
176,0.1656809,10–20%,0,0
5958,0.08992138,0–10%,0,0
27348,0.08515007,0–10%,0,0
4241,0.12658885,10–20%,0,0
19246,0.70827216,70–80%,1,0
20787,0.02847123,0–10%,0,0
2804,0.20766385,20–30%,0,0
25609,0.10188365,10–20%,0,0
15777,0.50794715,50–60%,1,1
4432,0.7968451,70–80%,1,0
5048,0.69783163,60–70%,1,1
11288,0.089966506,0–10%,0,0
23457,0.0798074,0–10%,0,0
22888,0.013107496,0–10%,0,0
20189,0.050259106,0–10%,0,0
26120,0.17358004,10–20%,0,0
17111,0.4318295,40–50%,1,0
28738,0.13170364,10–20%,0,0
29466,0.657525,60–70%,1,0
12272,0.05083772,0–10%,0,0
4078,0.2031267,20–30%,0,0
22873,0.09417015,0–10%,0,0
26270,0.10346441,10–20%,0,1
12212,0.152232,10–20%,0,0
26812,0.081145644,0–10%,0,0
2671,0.36812562,30–40%,1,1
12701,0.12862085,10–20%,0,0
17558,0.62419194,60–70%,1,0
12800,0.3352231,30–40%,1,1
29187,0.09204734,0–10%,0,0
960,0.2702402,20–30%,0,1
18252,0.35876054,30–40%,1,1
28623,0.21119474,20–30%,0,0
27730,0.7990454,70–80%,1,1
9309,0.045446586,0–10%,0,0
3725,0.4434239,40–50%,1,0
3720,0.36836118,30–40%,1,1
28043,0.28171253,20–30%,0,0
12810,0.5881463,50–60%,1,1
29303,0.15929738,10–20%,0,0
5378,0.11306041,10–20%,0,0
25928,0.23972537,20–30%,0,1
5851,0.09169977,0–10%,0,0
11094,0.08044046,0–10%,0,0
8813,0.06969646,0–10%,0,0
15083,0.027710287,0–10%,0,0
27572,0.09101363,0–10%,0,0
1034,0.18390276,10–20%,0,0
15722,0.15212752,10–20%,0,0
1759,0.31904435,30–40%,1,0
15888,0.47108406,40–50%,1,0
22307,0.1498476,10–20%,0,0
4110,0.10508123,10–20%,0,0
6656,0.16085167,10–20%,0,0
4170,0.12956585,10–20%,0,0
26675,0.12659767,10–20%,0,0
10726,0.11236147,10–20%,0,0
14860,0.7590028,70–80%,1,0
12578,0.020216078,0–10%,0,0
12774,0.8271292,80–90%,1,1
15309,0.14606357,10–20%,0,0
6747,0.18140905,10–20%,0,0
25296,0.10319945,10–20%,0,0
3621,0.06612387,0–10%,0,0
535,0.21229914,20–30%,0,0
17423,0.23152292,20–30%,0,1
10732,0.019863876,0–10%,0,1
19266,0.2176238,20–30%,0,0
27088,0.20743811,20–30%,0,1
7231,0.07589805,0–10%,0,0
9797,0.05628159,0–10%,0,0
7190,0.06044212,0–10%,0,0
2403,0.20446718,20–30%,0,1
6140,0.09930749,0–10%,0,0
25630,0.061102465,0–10%,0,0
18877,0.06889491,0–10%,0,0
4761,0.071295924,0–10%,0,0
21900,0.66260237,60–70%,1,1
20792,0.15774049,10–20%,0,0
25713,0.080188245,0–10%,0,1
24459,0.18669856,10–20%,0,0
21901,0.081519544,0–10%,0,0
29963,0.27734292,20–30%,0,0
6496,0.25729454,20–30%,0,0
21219,0.117547356,10–20%,0,0
3169,0.17642134,10–20%,0,0
10493,0.16068906,10–20%,0,0
22250,0.15261221,10–20%,0,1
12669,0.27607265,20–30%,0,0
989,0.42436016,40–50%,1,0
15300,0.1598762,10–20%,0,0
15497,0.52848184,50–60%,1,1
10657,0.16911261,10–20%,0,0
3279,0.02248065,0–10%,0,0
5761,0.21207148,20–30%,0,0
874,0.24742465,20–30%,0,0
19594,0.12541707,10–20%,0,0
9526,0.06353584,0–10%,0,0
17505,0.023037255,0–10%,0,0
7092,0.05331236,0–10%,0,1
14562,0.7338745,70–80%,1,1
29066,0.13837391,10–20%,0,0
12595,0.21539015,20–30%,0,0
17420,0.45992184,40–50%,1,0
21324,0.1820578,10–20%,0,0
2381,0.051274564,0–10%,0,0
22424,0.20056285,20–30%,0,0
6745,0.039507665,0–10%,0,0
26690,0.12525927,10–20%,0,0
26324,0.07386255,0–10%,0,1
2092,0.22350535,20–30%,0,0
2261,0.10144403,10–20%,0,1
14167,0.18217672,10–20%,0,1
727,0.1192302,10–20%,0,0
15096,0.17135543,10–20%,0,0
4194,0.16356716,10–20%,0,0
23896,0.0965091,0–10%,0,0
16994,0.67041755,60–70%,1,1
5361,0.085956946,0–10%,0,0
18233,0.018541059,0–10%,0,0
220,0.52812636,50–60%,1,1
26459,0.2288946,20–30%,0,1
1056,0.31494787,30–40%,1,0
15669,0.14980386,10–20%,0,0
10135,0.35772836,30–40%,1,1
17011,0.27224237,20–30%,0,0
24622,0.065693684,0–10%,0,0
29616,0.06708593,0–10%,0,0
1935,0.11593535,10–20%,0,0
13903,0.43709448,40–50%,1,0
2335,0.14138311,10–20%,0,0
13705,0.1496626,10–20%,0,0
19708,0.06396613,0–10%,0,0
4553,0.10073707,10–20%,0,0
11245,0.78907585,70–80%,1,1
29581,0.06408485,0–10%,0,0
4528,0.3511323,30–40%,1,0
24795,0.13355605,10–20%,0,0
24128,0.10144677,10–20%,0,0
11342,0.835898,80–90%,1,1
9598,0.029521,0–10%,0,0
23383,0.21230856,20–30%,0,0
313,0.21025956,20–30%,0,1
5713,0.73260784,70–80%,1,0
7090,0.07972943,0–10%,0,0
14722,0.7690853,70–80%,1,1
12832,0.106417835,10–20%,0,0
9105,0.0888442,0–10%,0,1
18248,0.14607543,10–20%,0,0
19717,0.03772674,0–10%,0,0
14800,0.1906588,10–20%,0,1
24937,0.28107974,20–30%,0,1
1551,0.06901176,0–10%,0,0
28424,0.04203811,0–10%,0,0
17728,0.51178235,50–60%,1,0
3718,0.1625047,10–20%,0,0
22862,0.74845654,70–80%,1,1
1705,0.47530854,40–50%,1,1
6060,0.24128997,20–30%,0,0
4197,0.04475851,0–10%,0,0
16768,0.6408534,60–70%,1,0
25994,0.16687831,10–20%,0,0
29915,0.6460888,60–70%,1,0
26203,0.16838965,10–20%,0,0
6109,0.097709514,0–10%,0,0
22360,0.11463925,10–20%,0,0
17029,0.13435063,10–20%,0,0
18757,0.45258316,40–50%,1,0
9625,0.31822324,30–40%,1,1
1159,0.3757142,30–40%,1,0
25846,0.12475399,10–20%,0,0
11588,0.16969836,10–20%,0,0
23284,0.06666199,0–10%,0,0
11333,0.7821024,70–80%,1,1
22445,0.05969672,0–10%,0,0
2581,0.31105018,30–40%,1,0
28768,0.04182786,0–10%,0,0
17585,0.7422408,70–80%,1,1
26141,0.029965084,0–10%,0,0
11592,0.18214759,10–20%,0,0
5986,0.17563091,10–20%,0,1
27475,0.13894886,10–20%,0,0
13737,0.10139814,10–20%,0,0
11509,0.061720587,0–10%,0,0
12131,0.7273935,70–80%,1,1
20224,0.69871616,60–70%,1,0
16279,0.0899706,0–10%,0,0
6678,0.20252886,20–30%,0,1
16417,0.10791915,10–20%,0,0
26504,0.13296518,10–20%,0,0
7704,0.37231493,30–40%,1,0
23808,0.21427983,20–30%,0,0
24265,0.026383903,0–10%,0,0
12446,0.07173311,0–10%,0,0
2976,0.11449447,10–20%,0,1
4580,0.12514418,10–20%,0,0
10862,0.21286388,20–30%,0,0
25046,0.07220431,0–10%,0,0
20237,0.17520049,10–20%,0,0
8119,0.07868691,0–10%,0,0
29780,0.06711436,0–10%,0,0
6455,0.5109023,50–60%,1,0
27397,0.31767792,30–40%,1,0
4804,0.14053401,10–20%,0,0
7054,0.11589415,10–20%,0,0
2023,0.05391176,0–10%,0,0
24767,0.7164434,70–80%,1,1
22897,0.76994854,70–80%,1,1
17891,0.68338674,60–70%,1,1
19284,0.69213074,60–70%,1,1
12711,0.05586039,0–10%,0,0
8779,0.09896085,0–10%,0,0
10579,0.042934198,0–10%,0,0
22128,0.08095667,0–10%,0,0
14140,0.17863345,10–20%,0,0
28642,0.10968263,10–20%,0,0
21824,0.0343496,0–10%,0,0
21018,0.21178655,20–30%,0,0
23866,0.11428941,10–20%,0,0
20120,0.14095901,10–20%,0,1
12978,0.31709763,30–40%,1,0
4419,0.10668378,10–20%,0,0
13062,0.1183243,10–20%,0,0
19501,0.038516365,0–10%,0,0
25299,0.1355354,10–20%,0,0
11611,0.102079816,10–20%,0,0
13767,0.15861562,10–20%,0,0
22996,0.078461975,0–10%,0,0
1172,0.059915494,0–10%,0,0
1348,0.03913554,0–10%,0,0
22338,0.09862996,0–10%,0,0
21596,0.1478127,10–20%,0,0
1004,0.10638433,10–20%,0,1
9890,0.20938268,20–30%,0,0
29822,0.12683818,10–20%,0,0
14496,0.16016571,10–20%,0,1
10652,0.1634243,10–20%,0,0
19916,0.20757502,20–30%,0,0
15693,0.048244525,0–10%,0,0
22027,0.107732326,10–20%,0,0
7945,0.28040487,20–30%,0,1
16456,0.10233824,10–20%,0,1
2255,0.6446089,60–70%,1,0
15088,0.69666606,60–70%,1,0
20175,0.091267765,0–10%,0,0
1490,0.03710678,0–10%,0,0
26089,0.13850467,10–20%,0,0
15757,0.78644884,70–80%,1,1
26727,0.060410082,0–10%,0,0
971,0.11775127,10–20%,0,0
23318,0.11357702,10–20%,0,1
8253,0.19136018,10–20%,0,0
523,0.09550971,0–10%,0,1
9079,0.2667182,20–30%,0,0
1579,0.13200165,10–20%,0,0
20238,0.56295973,50–60%,1,0
14634,0.0498255,0–10%,0,0
25496,0.045662463,0–10%,0,0
3014,0.049946386,0–10%,0,0
24400,0.8012926,80–90%,1,1
24725,0.13825206,10–20%,0,0
28948,0.09406283,0–10%,0,0
7863,0.118950225,10–20%,0,0
27352,0.15534548,10–20%,0,0
29150,0.69898975,60–70%,1,1
12626,0.16868421,10–20%,0,0
15020,0.5809315,50–60%,1,0
24613,0.056009367,0–10%,0,0
26916,0.7193144,70–80%,1,0
24615,0.12349072,10–20%,0,0
4877,0.12722962,10–20%,0,0
3391,0.19893166,10–20%,0,0
1578,0.15160589,10–20%,0,0
8599,0.43901613,40–50%,1,1
28520,0.42145973,40–50%,1,0
27314,0.17083675,10–20%,0,1
9095,0.35195595,30–40%,1,1
246,0.052177135,0–10%,0,0
8003,0.13284889,10–20%,0,0
6835,0.25036725,20–30%,0,0
22352,0.19986083,10–20%,0,0
21528,0.17945966,10–20%,0,0
27443,0.13156524,10–20%,0,0
21228,0.18666257,10–20%,0,0
4920,0.21215795,20–30%,0,0
18527,0.2382699,20–30%,0,0
6988,0.3343969,30–40%,1,1
9003,0.33810064,30–40%,1,0
16266,0.06967877,0–10%,0,0
28685,0.09058668,0–10%,0,1
5034,0.1542241,10–20%,0,1
7126,0.19663914,10–20%,0,0
13678,0.2177614,20–30%,0,0
912,0.09730641,0–10%,0,0
2151,0.13184625,10–20%,0,0
9420,0.093771145,0–10%,0,0
22753,0.6483606,60–70%,1,1
9966,0.06671866,0–10%,0,0
9447,0.23401491,20–30%,0,0
3872,0.8056116,80–90%,1,0
25171,0.18338728,10–20%,0,0
29142,0.17060283,10–20%,0,0
26860,0.12974365,10–20%,0,0
15935,0.8221456,80–90%,1,1
28802,0.08823613,0–10%,0,0
11353,0.034674298,0–10%,0,0
28224,0.3194819,30–40%,1,0
18182,0.03429434,0–10%,0,0
13319,0.060710445,0–10%,0,0
23136,0.031020517,0–10%,0,0
18277,0.77713466,70–80%,1,1
2045,0.7555022,70–80%,1,1
24421,0.1285816,10–20%,0,0
6094,0.2728539,20–30%,0,1
21561,0.66167057,60–70%,1,0
29118,0.62689793,60–70%,1,1
12458,0.20303978,20–30%,0,0
28095,0.24955362,20–30%,0,0
16938,0.14539747,10–20%,0,0
16271,0.1185739,10–20%,0,0
15424,0.624823,60–70%,1,1
26031,0.07924595,0–10%,0,0
18709,0.12568538,10–20%,0,1
9000,0.15229923,10–20%,0,0
16470,0.07889248,0–10%,0,0
22058,0.18858397,10–20%,0,0
2543,0.107916206,10–20%,0,0
1211,0.2219691,20–30%,0,0
22763,0.061082277,0–10%,0,0
13039,0.085481286,0–10%,0,0
23895,0.47701335,40–50%,1,1
2329,0.11911551,10–20%,0,0
1591,0.44117978,40–50%,1,0
19647,0.12447421,10–20%,0,0
13355,0.114921495,10–20%,0,0
6657,0.670083,60–70%,1,0
27566,0.64546263,60–70%,1,0
18040,0.19198853,10–20%,0,0
14646,0.73462516,70–80%,1,0
13522,0.07754148,0–10%,0,0
29837,0.08388256,0–10%,0,0
9671,0.8850336,80–90%,1,0
26156,0.06549922,0–10%,0,0
1448,0.21288994,20–30%,0,0
10824,0.16873309,10–20%,0,0
24492,0.07727375,0–10%,0,0
14899,0.04403333,0–10%,0,0
20823,0.16970581,10–20%,0,1
17434,0.18008481,10–20%,0,0
1674,0.04769502,0–10%,0,0
3422,0.061801847,0–10%,0,0
15183,0.11412225,10–20%,0,0
27703,0.7177859,70–80%,1,1
8324,0.10412173,10–20%,0,0
8608,0.6996607,60–70%,1,0
1053,0.14831264,10–20%,0,0
6791,0.28520328,20–30%,0,0
8989,0.11219795,10–20%,0,0
22056,0.32457843,30–40%,1,0
18898,0.020035552,0–10%,0,1
20272,0.7591538,70–80%,1,1
10819,0.21898948,20–30%,0,0
20845,0.07361046,0–10%,0,0
4502,0.3749423,30–40%,1,1
22101,0.13125524,10–20%,0,1
28906,0.27022952,20–30%,0,0
2109,0.07260767,0–10%,0,0
11602,0.24165843,20–30%,0,0
15712,0.2664729,20–30%,0,0
10426,0.19704355,10–20%,0,0
7527,0.41782704,40–50%,1,0
21220,0.7913199,70–80%,1,0
12782,0.09819437,0–10%,0,0
16947,0.08111958,0–10%,0,0
15362,0.07595419,0–10%,0,0
29455,0.4143133,40–50%,1,0
22682,0.12014491,10–20%,0,0
24841,0.0541811,0–10%,0,0
11009,0.0913491,0–10%,0,0
11825,0.31023598,30–40%,1,1
23476,0.015116537,0–10%,0,0
28504,0.24426804,20–30%,0,0
25177,0.3984417,30–40%,1,0
27956,0.07330767,0–10%,0,0
12336,0.15006119,10–20%,0,0
14307,0.044837773,0–10%,0,0
6536,0.16959049,10–20%,0,0
1420,0.09552332,0–10%,0,0
26773,0.827441,80–90%,1,1
7235,0.1955074,10–20%,0,0
28440,0.12111608,10–20%,0,0
26489,0.087596,0–10%,0,0
669,0.7805132,70–80%,1,1
13745,0.3169463,30–40%,1,0
6995,0.2969681,20–30%,0,1
1302,0.21630761,20–30%,0,0
29074,0.41147494,40–50%,1,1
16803,0.07023732,0–10%,0,0
11748,0.556094,50–60%,1,0
8259,0.17083511,10–20%,0,1
25563,0.045158215,0–10%,0,0
23549,0.12682544,10–20%,0,0
9335,0.08065462,0–10%,0,0
22468,0.17585279,10–20%,0,1
3847,0.09720319,0–10%,0,0
24692,0.35906577,30–40%,1,0
15161,0.12952438,10–20%,0,0
13719,0.83132493,80–90%,1,0
18366,0.15514593,10–20%,0,0
23109,0.36078793,30–40%,1,0
27275,0.10197955,10–20%,0,0
19406,0.07361742,0–10%,0,0
4222,0.54667294,50–60%,1,0
17056,0.14188708,10–20%,0,0
670,0.62036455,60–70%,1,0
21578,0.18544924,10–20%,0,0
4035,0.061873753,0–10%,0,0
8767,0.28637514,20–30%,0,0
265,0.20634378,20–30%,0,0
24581,0.13091686,10–20%,0,0
17508,0.080134235,0–10%,0,1
4344,0.12471332,10–20%,0,0
13281,0.1740779,10–20%,0,1
9837,0.050285626,0–10%,0,0
14356,0.10255707,10–20%,0,0
21911,0.16166046,10–20%,0,0
15288,0.037808716,0–10%,0,0
6665,0.19543903,10–20%,0,0
29245,0.1758008,10–20%,0,0
27362,0.120553024,10–20%,0,0
797,0.19870676,10–20%,0,0
19503,0.07701142,0–10%,0,0
12274,0.70770055,70–80%,1,1
9177,0.10436352,10–20%,0,0
12285,0.11382372,10–20%,0,0
24766,0.028600771,0–10%,0,0
25113,0.11300052,10–20%,0,0
7321,0.020762566,0–10%,0,0
8463,0.12999657,10–20%,0,0
4860,0.8232209,80–90%,1,1
17408,0.14746487,10–20%,0,0
17679,0.094991714,0–10%,0,0
9015,0.1270412,10–20%,0,0
10522,0.11232049,10–20%,0,0
7460,0.042760435,0–10%,0,0
8299,0.10739553,10–20%,0,0
4829,0.23979527,20–30%,0,0
3466,0.18916452,10–20%,0,0
20831,0.20065865,20–30%,0,0
14251,0.6074499,60–70%,1,1
21113,0.1413352,10–20%,0,0
29099,0.15101717,10–20%,0,0
8513,0.09455085,0–10%,0,1
29967,0.2981884,20–30%,0,0
16665,0.059175294,0–10%,0,0
12665,0.19814895,10–20%,0,0
4034,0.37089986,30–40%,1,0
3662,0.16132812,10–20%,0,0
21809,0.5717324,50–60%,1,1
27701,0.7437919,70–80%,1,1
24525,0.14947906,10–20%,0,1
25642,0.2734937,20–30%,0,0
29790,0.06463253,0–10%,0,0
20811,0.05091601,0–10%,0,0
3151,0.71562725,70–80%,1,0
7884,0.08275661,0–10%,0,0
20756,0.8655054,80–90%,1,1
25745,0.16905107,10–20%,0,0
3264,0.47293952,40–50%,1,1
5684,0.11254883,10–20%,0,0
2638,0.15743142,10–20%,0,0
3413,0.44790372,40–50%,1,1
29867,0.091758825,0–10%,0,0
14945,0.24004547,20–30%,0,1
3256,0.8201201,80–90%,1,1
6997,0.26459315,20–30%,0,0
29756,0.4364464,40–50%,1,0
13461,0.1402323,10–20%,0,0
13553,0.08676295,0–10%,0,0
16658,0.14909011,10–20%,0,0
22031,0.036939505,0–10%,0,0
26215,0.17711952,10–20%,0,0
3469,0.08880013,0–10%,0,0
26105,0.10551443,10–20%,0,0
5352,0.48345447,40–50%,1,0
15478,0.13490842,10–20%,0,0
18923,0.099811584,0–10%,0,0
326,0.4485239,40–50%,1,1
4157,0.056350302,0–10%,0,0
28746,0.20409277,20–30%,0,0
18139,0.06906458,0–10%,0,0
23893,0.14832848,10–20%,0,0
29495,0.05844117,0–10%,0,0
1215,0.074524544,0–10%,0,0
5625,0.1154943,10–20%,0,0
13291,0.7895246,70–80%,1,1
4997,0.09038062,0–10%,0,1
14641,0.2050123,20–30%,0,0
20945,0.062398553,0–10%,0,0
8579,0.1612469,10–20%,0,0
15923,0.02830202,0–10%,0,0
15925,0.20516473,20–30%,0,0
15468,0.34996253,30–40%,1,1
23947,0.09884956,0–10%,0,0
24630,0.15050119,10–20%,0,0
25088,0.06308323,0–10%,0,0
23692,0.115790546,10–20%,0,0
23213,0.12843557,10–20%,0,1
8715,0.060141075,0–10%,0,0
5687,0.023910878,0–10%,0,0
3468,0.41150132,40–50%,1,0
7668,0.15815343,10–20%,0,0
7132,0.12506343,10–20%,0,1
918,0.1128245,10–20%,0,0
28266,0.14838916,10–20%,0,0
6586,0.08492831,0–10%,0,0
6370,0.8283631,80–90%,1,0
20957,0.29006022,20–30%,0,0
1768,0.086242214,0–10%,0,0
23324,0.11881791,10–20%,0,0
5556,0.1441098,10–20%,0,0
26732,0.095226,0–10%,0,0
1142,0.0891212,0–10%,0,0
29772,0.09055508,0–10%,0,0
15469,0.6971917,60–70%,1,1
4201,0.070865355,0–10%,0,0
27985,0.08567289,0–10%,0,0
852,0.15940048,10–20%,0,0
22196,0.040211968,0–10%,0,0
22472,0.7500405,70–80%,1,1
13581,0.2413224,20–30%,0,0
22412,0.14748572,10–20%,0,0
28721,0.028579254,0–10%,0,0
12358,0.0918247,0–10%,0,0
19344,0.80336785,80–90%,1,1
24397,0.8302747,80–90%,1,1
8431,0.07240118,0–10%,0,0
9246,0.26373237,20–30%,0,1
6524,0.17403612,10–20%,0,0
8681,0.100483574,10–20%,0,0
21062,0.39886424,30–40%,1,0
12343,0.083548784,0–10%,0,0
730,0.1405007,10–20%,0,0
9281,0.09630908,0–10%,0,0
11235,0.056020144,0–10%,0,0
6928,0.08496468,0–10%,0,0
15279,0.5088737,50–60%,1,1
25625,0.08790119,0–10%,0,0
14026,0.04719331,0–10%,0,0
2203,0.20204563,20–30%,0,0
3701,0.075616665,0–10%,0,0
5841,0.02378862,0–10%,0,0
19787,0.23814084,20–30%,0,0
7466,0.044716135,0–10%,0,0
17412,0.10579712,10–20%,0,0
26435,0.2664211,20–30%,0,0
3285,0.065314405,0–10%,0,0
4559,0.10487266,10–20%,0,0
17060,0.15116389,10–20%,0,1
4942,0.085322894,0–10%,0,0
2284,0.12229783,10–20%,0,1
24305,0.05925579,0–10%,0,0
1817,0.23076376,20–30%,0,0
29156,0.15301791,10–20%,0,0
27004,0.13282956,10–20%,0,0
20639,0.46445483,40–50%,1,1
13278,0.03131207,0–10%,0,0
29788,0.19021252,10–20%,0,0
17895,0.2689847,20–30%,0,0
2291,0.45421118,40–50%,1,0
17762,0.28126156,20–30%,0,0
14373,0.17154361,10–20%,0,1
13311,0.3169714,30–40%,1,0
26679,0.18755433,10–20%,0,0
9783,0.16063769,10–20%,0,0
2321,0.60368234,60–70%,1,0
24531,0.18680477,10–20%,0,1
266,0.32518953,30–40%,1,0
20598,0.06940683,0–10%,0,0
5827,0.046205677,0–10%,0,1
20290,0.7436978,70–80%,1,0
19569,0.16194558,10–20%,0,1
14682,0.4189211,40–50%,1,0
7441,0.08458351,0–10%,0,0
1089,0.053545233,0–10%,0,0
6390,0.05087458,0–10%,0,0
23201,0.019518938,0–10%,0,0
24548,0.28688222,20–30%,0,0
13920,0.075183876,0–10%,0,0
11418,0.30927378,30–40%,1,0
13208,0.17358176,10–20%,0,0
14881,0.30506116,30–40%,1,0
4154,0.22983898,20–30%,0,0
20245,0.56963444,50–60%,1,0
639,0.06619168,0–10%,0,0
8539,0.23213637,20–30%,0,0
11109,0.06952145,0–10%,0,0
11879,0.08251368,0–10%,0,0
5315,0.048077453,0–10%,0,0
2274,0.13136348,10–20%,0,0
25886,0.5574994,50–60%,1,1
2082,0.35391852,30–40%,1,0
9910,0.1447172,10–20%,0,0
3214,0.19846089,10–20%,0,0
24365,0.15011616,10–20%,0,0
9250,0.13386746,10–20%,0,0
14883,0.7865284,70–80%,1,1
10643,0.16379867,10–20%,0,0
10745,0.14242978,10–20%,0,0
883,0.09364966,0–10%,0,0
141,0.17309585,10–20%,0,0
14438,0.20144294,20–30%,0,0
25175,0.4041212,40–50%,1,0
13117,0.10755763,10–20%,0,0
10649,0.037980802,0–10%,0,1
7372,0.1529056,10–20%,0,0
5328,0.119082615,10–20%,0,0
14281,0.18373767,10–20%,0,0
19571,0.22566685,20–30%,0,0
17128,0.2317206,20–30%,0,0
6722,0.013154434,0–10%,0,0
20412,0.052332282,0–10%,0,0
2590,0.12402866,10–20%,0,0
4415,0.36659187,30–40%,1,0
20009,0.06270124,0–10%,0,0
10416,0.16765298,10–20%,0,0
14031,0.21308765,20–30%,0,0
8128,0.12866214,10–20%,0,0
18352,0.15435413,10–20%,0,0
27320,0.37532085,30–40%,1,1
16435,0.18057026,10–20%,0,0
13200,0.18875206,10–20%,0,0
24632,0.16409516,10–20%,0,0
29100,0.11329296,10–20%,0,0
23415,0.7818429,70–80%,1,1
5174,0.09911981,0–10%,0,0
21314,0.27727515,20–30%,0,1
7711,0.27266827,20–30%,0,0
27090,0.2865268,20–30%,0,0
304,0.11274909,10–20%,0,0
24711,0.62790334,60–70%,1,0
2698,0.15993632,10–20%,0,0
27092,0.22135563,20–30%,0,0
17382,0.13215984,10–20%,0,0
20760,0.08701736,0–10%,0,0
2872,0.15032403,10–20%,0,0
4574,0.18808264,10–20%,0,1
28195,0.065003745,0–10%,0,0
4226,0.057988193,0–10%,0,1
27927,0.14911918,10–20%,0,0
17886,0.0627396,0–10%,0,0
14567,0.057103597,0–10%,0,0
9760,0.08150107,0–10%,0,0
27596,0.105005346,10–20%,0,0
11889,0.20112094,20–30%,0,0
18887,0.25084752,20–30%,0,0
28116,0.051519953,0–10%,0,0
24433,0.100881234,10–20%,0,0
24907,0.08175812,0–10%,0,1
23496,0.061808135,0–10%,0,0
15405,0.37153152,30–40%,1,0
21963,0.07055459,0–10%,0,0
4573,0.024591397,0–10%,0,0
54,0.5646218,50–60%,1,0
13478,0.8233682,80–90%,1,1
29618,0.13748364,10–20%,0,0
15263,0.11992715,10–20%,0,0
21957,0.23144458,20–30%,0,0
20429,0.70016587,70–80%,1,1
14364,0.1952822,10–20%,0,0
3532,0.07239891,0–10%,0,0
11479,0.03315652,0–10%,0,0
22936,0.13780399,10–20%,0,0
16934,0.15910396,10–20%,0,0
25385,0.068903215,0–10%,0,0
16377,0.079139456,0–10%,0,0
22102,0.096356556,0–10%,0,0
1664,0.10564217,10–20%,0,0
23250,0.1435404,10–20%,0,0
23039,0.77613,70–80%,1,1
12620,0.04287316,0–10%,0,0
10349,0.2423104,20–30%,0,1
201,0.15763023,10–20%,0,0
19338,0.0595931,0–10%,0,0
28932,0.34564847,30–40%,1,1
9353,0.11315354,10–20%,0,0
28363,0.3118857,30–40%,1,0
4871,0.12838648,10–20%,0,0
668,0.51776946,50–60%,1,0
20277,0.10331622,10–20%,0,0
9827,0.12223788,10–20%,0,0
20040,0.13213933,10–20%,0,0
20490,0.36872497,30–40%,1,0
17875,0.05708961,0–10%,0,0
17212,0.1791332,10–20%,0,0
18802,0.07435116,0–10%,0,0
22357,0.07260193,0–10%,0,0
22447,0.124039486,10–20%,0,0
5413,0.0638373,0–10%,0,0
8811,0.5864019,50–60%,1,1
26281,0.047957875,0–10%,0,0
1439,0.13080473,10–20%,0,0
28457,0.20918372,20–30%,0,0
5633,0.14652665,10–20%,0,0
7002,0.77072316,70–80%,1,0
3842,0.22322051,20–30%,0,0
14761,0.27019885,20–30%,0,0
3183,0.10705615,10–20%,0,0
20737,0.64071953,60–70%,1,0
5465,0.39230895,30–40%,1,0
19686,0.6558711,60–70%,1,1
2615,0.058673944,0–10%,0,0
25436,0.09623229,0–10%,0,0
1060,0.25709456,20–30%,0,1
25569,0.7570173,70–80%,1,1
15397,0.113733426,10–20%,0,0
22139,0.09685236,0–10%,0,0
19453,0.2851536,20–30%,0,1
26708,0.09410634,0–10%,0,0
15119,0.6054814,60–70%,1,1
29526,0.15977289,10–20%,0,0
19162,0.097353,0–10%,0,0
8290,0.05191442,0–10%,0,0
16139,0.05785561,0–10%,0,0
7009,0.24999225,20–30%,0,0
16761,0.19041483,10–20%,0,0
14225,0.7873469,70–80%,1,1
10385,0.26039246,20–30%,0,0
4558,0.1681623,10–20%,0,1
16884,0.16519059,10–20%,0,1
19258,0.73135257,70–80%,1,1
8372,0.06440244,0–10%,0,0
10718,0.15983686,10–20%,0,0
20990,0.5729039,50–60%,1,0
12043,0.35468,30–40%,1,0
6353,0.34091857,30–40%,1,0
24491,0.028513514,0–10%,0,0
28578,0.030489363,0–10%,0,0
9844,0.09829073,0–10%,0,0
19701,0.0628599,0–10%,0,0
7453,0.26356146,20–30%,0,0
25805,0.12696828,10–20%,0,0
15028,0.06629139,0–10%,0,0
943,0.551033,50–60%,1,1
9020,0.0709277,0–10%,0,0
27447,0.13083255,10–20%,0,0
6451,0.13136931,10–20%,0,0
4783,0.09921944,0–10%,0,0
14213,0.21034567,20–30%,0,0
7665,0.10441098,10–20%,0,0
17836,0.7733153,70–80%,1,1
27717,0.08977264,0–10%,0,0
23846,0.13451193,10–20%,0,0
3348,0.74587786,70–80%,1,0
10167,0.31491452,30–40%,1,1
28987,0.13301165,10–20%,0,0
19455,0.09067001,0–10%,0,0
24643,0.13085608,10–20%,0,1
11871,0.12660266,10–20%,0,0
9609,0.39158678,30–40%,1,1
5170,0.2839172,20–30%,0,0
18291,0.28674743,20–30%,0,1
25637,0.060777593,0–10%,0,0
17176,0.066226974,0–10%,0,0
6135,0.06430467,0–10%,0,0
12776,0.061211392,0–10%,0,0
14524,0.22252314,20–30%,0,0
2712,0.18123542,10–20%,0,0
7530,0.81710744,80–90%,1,1
4372,0.0700743,0–10%,0,1
26416,0.11542237,10–20%,0,0
9284,0.18885545,10–20%,0,0
2206,0.1252549,10–20%,0,0
21542,0.12984003,10–20%,0,0
12852,0.06263641,0–10%,0,0
16463,0.7505303,70–80%,1,1
22042,0.26295987,20–30%,0,0
27161,0.04802165,0–10%,0,0
22262,0.056145437,0–10%,0,1
4554,0.2736929,20–30%,0,1
11512,0.08369765,0–10%,0,0
1403,0.04216342,0–10%,0,0
2584,0.2584286,20–30%,0,0
26786,0.09431793,0–10%,0,0
23553,0.07606021,0–10%,0,0
22776,0.10941153,10–20%,0,1
19074,0.06787557,0–10%,0,0
869,0.14062095,10–20%,0,0
23022,0.05502656,0–10%,0,0
23851,0.25539324,20–30%,0,0
21222,0.14009905,10–20%,0,0
10357,0.07314456,0–10%,0,0
2709,0.16985823,10–20%,0,0
20452,0.09370898,0–10%,0,1
4707,0.6025387,60–70%,1,1
8037,0.07075517,0–10%,0,0
5929,0.173834,10–20%,0,0
19462,0.15448363,10–20%,0,1
14198,0.15243529,10–20%,0,0
29669,0.15209171,10–20%,0,0
8527,0.10690679,10–20%,0,0
22913,0.14453115,10–20%,0,0
13954,0.16591354,10–20%,0,0
7728,0.04512873,0–10%,0,0
11515,0.15014783,10–20%,0,0
10319,0.09302724,0–10%,0,0
13621,0.07406625,0–10%,0,0
9136,0.09179883,0–10%,0,0
10746,0.27661467,20–30%,0,0
19925,0.36665586,30–40%,1,1
25982,0.66008,60–70%,1,0
14187,0.08868833,0–10%,0,0
22496,0.14888334,10–20%,0,1
11709,0.079008445,0–10%,0,0
27740,0.15925263,10–20%,0,0
12463,0.056391582,0–10%,0,0
6593,0.13469933,10–20%,0,0
23773,0.16663474,10–20%,0,0
18779,0.1165799,10–20%,0,0
8817,0.22131172,20–30%,0,1
16629,0.10392696,10–20%,0,0
21362,0.60382706,60–70%,1,0
2780,0.14817564,10–20%,0,1
4825,0.11447671,10–20%,0,0
14548,0.21373504,20–30%,0,0
14632,0.14757667,10–20%,0,0
28531,0.83400744,80–90%,1,1
22893,0.034282453,0–10%,0,1
3766,0.77339274,70–80%,1,1
10884,0.12009794,10–20%,0,0
25097,0.17570937,10–20%,0,1
22881,0.11719843,10–20%,0,1
21576,0.13580877,10–20%,0,0
244,0.44024828,40–50%,1,0
9972,0.12946051,10–20%,0,1
1978,0.14899486,10–20%,0,0
11364,0.114672735,10–20%,0,0
15621,0.0378981,0–10%,0,0
24898,0.10898871,10–20%,0,0
4665,0.029136496,0–10%,0,0
25866,0.25944293,20–30%,0,0
20572,0.3010963,30–40%,1,1
14238,0.016607711,0–10%,0,0
4153,0.043703116,0–10%,0,0
25778,0.1363137,10–20%,0,0
3557,0.13589366,10–20%,0,0
212,0.1790722,10–20%,0,0
3805,0.31244397,30–40%,1,0
9489,0.16393189,10–20%,0,0
12216,0.829723,80–90%,1,1
3146,0.17652135,10–20%,0,0
15774,0.7338438,70–80%,1,1
3780,0.06999423,0–10%,0,0
23387,0.114011444,10–20%,0,1
27640,0.17509921,10–20%,0,0
7246,0.2186178,20–30%,0,0
29246,0.47290275,40–50%,1,0
13960,0.6323555,60–70%,1,0
22661,0.24025822,20–30%,0,0
28201,0.31713006,30–40%,1,1
3747,0.21172254,20–30%,0,0
18123,0.21509172,20–30%,0,0
29766,0.38956305,30–40%,1,0
17799,0.109881714,10–20%,0,0
7784,0.38794118,30–40%,1,1
11344,0.22725973,20–30%,0,0
13119,0.06354413,0–10%,0,0
22256,0.05624996,0–10%,0,1
27705,0.0831526,0–10%,0,0
5182,0.07594961,0–10%,0,0
23112,0.19048488,10–20%,0,0
29489,0.14395799,10–20%,0,0
17133,0.65700436,60–70%,1,1
12839,0.054229088,0–10%,0,0
11813,0.42381296,40–50%,1,1
29899,0.097109064,0–10%,0,1
26407,0.17356339,10–20%,0,0
15890,0.6582613,60–70%,1,1
28914,0.116235964,10–20%,0,0
21108,0.13966887,10–20%,0,1
2674,0.13109896,10–20%,0,0
7750,0.09552238,0–10%,0,0
29448,0.38025492,30–40%,1,0
25179,0.10649882,10–20%,0,0
20783,0.040401895,0–10%,0,0
19999,0.2696551,20–30%,0,0
15225,0.48997068,40–50%,1,1
6608,0.29421812,20–30%,0,0
11961,0.027136967,0–10%,0,0
19866,0.106237344,10–20%,0,0
17557,0.052507013,0–10%,0,0
18485,0.26726836,20–30%,0,0
9528,0.13417506,10–20%,0,0
28473,0.17167528,10–20%,0,0
17257,0.08652867,0–10%,0,1
784,0.12638043,10–20%,0,1
570,0.08205518,0–10%,0,0
22041,0.098631985,0–10%,0,0
19245,0.14834088,10–20%,0,0
3424,0.13739894,10–20%,0,0
21247,0.2427297,20–30%,0,0
14,0.042065606,0–10%,0,0
6938,0.101286925,10–20%,0,0
14263,0.07564525,0–10%,0,0
1049,0.18979971,10–20%,0,0
19808,0.14969897,10–20%,0,0
26319,0.08832267,0–10%,0,0
7167,0.16760334,10–20%,0,0
15258,0.27479663,20–30%,0,0
16087,0.11847221,10–20%,0,1
27528,0.058288507,0–10%,0,0
9002,0.2789578,20–30%,0,1
7857,0.29180503,20–30%,0,0
10622,0.19259289,10–20%,0,1
8663,0.12962896,10–20%,0,0
28351,0.43089855,40–50%,1,0
29377,0.08134267,0–10%,0,0
28489,0.12049347,10–20%,0,0
7162,0.69754696,60–70%,1,0
21147,0.2912057,20–30%,0,1
7681,0.4947685,40–50%,1,1
8146,0.1739894,10–20%,0,0
2952,0.354125,30–40%,1,0
24375,0.10953811,10–20%,0,0
18707,0.31576768,30–40%,1,0
10663,0.80980283,80–90%,1,1
8907,0.11604917,10–20%,0,0
6724,0.091326885,0–10%,0,0
23304,0.18233198,10–20%,0,0
6603,0.085189916,0–10%,0,0
27531,0.05088676,0–10%,0,0
17222,0.068053894,0–10%,0,0
16073,0.13387407,10–20%,0,0
21737,0.15750253,10–20%,0,0
20731,0.12826683,10–20%,0,0
7254,0.1421961,10–20%,0,0
3366,0.26919684,20–30%,0,0
2494,0.29663992,20–30%,0,1
15784,0.76236075,70–80%,1,1
25140,0.101772815,10–20%,0,0
25729,0.03918181,0–10%,0,0
21722,0.15607597,10–20%,0,0
17739,0.4376345,40–50%,1,0
10019,0.17982587,10–20%,0,1
22939,0.07191518,0–10%,0,0
461,0.12403579,10–20%,0,0
20698,0.09484942,0–10%,0,1
9475,0.3266639,30–40%,1,1
28653,0.025481496,0–10%,0,0
21211,0.07821804,0–10%,0,0
26477,0.11437904,10–20%,0,0
24276,0.06575136,0–10%,0,0
10544,0.106770106,10–20%,0,0
25684,0.057150006,0–10%,0,0
14340,0.75574,70–80%,1,0
533,0.5741606,50–60%,1,1
3530,0.23434989,20–30%,0,0
11034,0.77601767,70–80%,1,1
20570,0.11300226,10–20%,0,0
22028,0.036833424,0–10%,0,0
9238,0.051321868,0–10%,0,0
21009,0.14731306,10–20%,0,0
9209,0.10161278,10–20%,0,0
17823,0.71081054,70–80%,1,1
24453,0.040767383,0–10%,0,0
12525,0.28704852,20–30%,0,1
22585,0.20351133,20–30%,0,0
8958,0.05504993,0–10%,0,1
27945,0.1739334,10–20%,0,0
5166,0.16718532,10–20%,0,0
11838,0.035156038,0–10%,0,0
21380,0.79365396,70–80%,1,1
18745,0.08305116,0–10%,0,0
10742,0.095731,0–10%,0,0
10295,0.0784898,0–10%,0,0
8186,0.038558997,0–10%,0,0
3833,0.091267,0–10%,0,0
7547,0.13046409,10–20%,0,0
17042,0.04260445,0–10%,0,0
17600,0.20746775,20–30%,0,0
25524,0.22290193,20–30%,0,0
5343,0.30818045,30–40%,1,0
6572,0.09177077,0–10%,0,0
19883,0.07205789,0–10%,0,0
21311,0.7820018,70–80%,1,1
45,0.2300161,20–30%,0,1
14956,0.15274908,10–20%,0,0
13155,0.12886868,10–20%,0,0
9969,0.09768673,0–10%,0,0
13517,0.07900855,0–10%,0,0
4418,0.08120207,0–10%,0,0
1526,0.116081096,10–20%,0,1
17413,0.8054006,80–90%,1,1
27708,0.13922213,10–20%,0,1
22636,0.07078572,0–10%,0,0
15400,0.62060803,60–70%,1,0
5935,0.14787336,10–20%,0,0
23007,0.07583712,0–10%,0,0
25811,0.05511116,0–10%,0,0
8973,0.50273573,50–60%,1,0
12363,0.06201006,0–10%,0,0
8438,0.14675888,10–20%,0,0
12628,0.23863353,20–30%,0,0
24073,0.11148927,10–20%,0,0
6162,0.15463072,10–20%,0,0
12916,0.06653915,0–10%,0,0
18816,0.044454396,0–10%,0,0
16452,0.07371971,0–10%,0,0
11233,0.6071752,60–70%,1,0
7433,0.069871955,0–10%,0,1
2807,0.22451544,20–30%,0,0
11104,0.7246087,70–80%,1,0
23388,0.03695635,0–10%,0,0
6237,0.08307447,0–10%,0,1
27424,0.1505997,10–20%,0,1
1038,0.11250384,10–20%,0,0
15653,0.19166556,10–20%,0,0
14823,0.055712696,0–10%,0,0
16782,0.3505794,30–40%,1,1
973,0.07397644,0–10%,0,0
28733,0.14033361,10–20%,0,0
26582,0.11760922,10–20%,0,1
25278,0.09402553,0–10%,0,1
14077,0.10437315,10–20%,0,0
4658,0.0753102,0–10%,0,0
13487,0.082191065,0–10%,0,0
1094,0.37547764,30–40%,1,0
21606,0.14310029,10–20%,0,0
22281,0.17765516,10–20%,0,0
5729,0.17370851,10–20%,0,0
5749,0.093590185,0–10%,0,0
13730,0.45067614,40–50%,1,1
26593,0.11201263,10–20%,0,0
29184,0.30781886,30–40%,1,1
17662,0.10851551,10–20%,0,0
24046,0.12855473,10–20%,0,0
20092,0.124391906,10–20%,0,0
4897,0.10654915,10–20%,0,0
23301,0.7446709,70–80%,1,0
26490,0.34146705,30–40%,1,0
8889,0.06624175,0–10%,0,0
11848,0.06518432,0–10%,0,0
16672,0.41446888,40–50%,1,0
24414,0.0835687,0–10%,0,0
6559,0.07259069,0–10%,0,1
4943,0.13051215,10–20%,0,0
8147,0.2151212,20–30%,0,1
27278,0.14797442,10–20%,0,1
2103,0.073972784,0–10%,0,0
10676,0.04835464,0–10%,0,0
18882,0.09702616,0–10%,0,0
18308,0.08480181,0–10%,0,0
18365,0.10912868,10–20%,0,0
25720,0.20504312,20–30%,0,1
1,0.3068085,30–40%,1,1
4436,0.39254016,30–40%,1,0
6160,0.40316752,40–50%,1,1
13617,0.14729045,10–20%,0,0
28241,0.13420732,10–20%,0,0
21340,0.23915684,20–30%,0,0
845,0.06440651,0–10%,0,0
645,0.3178356,30–40%,1,0
22198,0.09538028,0–10%,0,0
22527,0.21469712,20–30%,0,0
22780,0.14293924,10–20%,0,0
10879,0.10152451,10–20%,0,0
379,0.11731115,10–20%,0,1
24617,0.40003487,40–50%,1,1
11310,0.22657672,20–30%,0,0
431,0.13421474,10–20%,0,1
27733,0.3436063,30–40%,1,0
17319,0.70668286,70–80%,1,1
361,0.04821318,0–10%,0,0
13185,0.09381199,0–10%,0,1
17016,0.09982163,0–10%,0,0
18330,0.08007921,0–10%,0,0
16622,0.72915953,70–80%,1,1
5675,0.23662777,20–30%,0,0
746,0.13491221,10–20%,0,0
20970,0.113169774,10–20%,0,0
3610,0.1089174,10–20%,0,0
83,0.08168592,0–10%,0,0
10343,0.14194436,10–20%,0,0
9507,0.41505924,40–50%,1,0
18690,0.15733595,10–20%,0,0
3034,0.06465507,0–10%,0,0
4631,0.14154387,10–20%,0,0
16760,0.091258235,0–10%,0,0
28571,0.08011649,0–10%,0,0
12636,0.10263129,10–20%,0,0
14766,0.107651435,10–20%,0,1
20435,0.18418993,10–20%,0,0
1670,0.13556232,10–20%,0,0
7316,0.074605174,0–10%,0,1
3536,0.6769727,60–70%,1,0
14153,0.21908233,20–30%,0,0
12354,0.121452115,10–20%,0,0
28419,0.20544392,20–30%,0,1
2573,0.13733704,10–20%,0,0
6374,0.2889378,20–30%,0,0
7575,0.060239434,0–10%,0,0
6591,0.54932386,50–60%,1,0
26219,0.10915519,10–20%,0,0
9521,0.68654704,60–70%,1,0
66,0.6958084,60–70%,1,1
14879,0.072055675,0–10%,0,0
16192,0.031225188,0–10%,0,0
13915,0.14255017,10–20%,0,0
28626,0.098382205,0–10%,0,0
19931,0.19523504,10–20%,0,1
6395,0.34251598,30–40%,1,1
1048,0.08291654,0–10%,0,0
11975,0.13933395,10–20%,0,0
8860,0.16147618,10–20%,0,0
13793,0.094087675,0–10%,0,0
6514,0.269961,20–30%,0,1
9200,0.12821741,10–20%,0,0
7562,0.13746706,10–20%,0,0
27672,0.14332463,10–20%,0,0
10142,0.7737878,70–80%,1,0
24096,0.24029876,20–30%,0,0
27641,0.1814552,10–20%,0,0
11722,0.03616356,0–10%,0,0
13979,0.14927325,10–20%,0,1
24192,0.5928745,50–60%,1,1
17758,0.6620238,60–70%,1,1
26789,0.23437712,20–30%,0,0
27370,0.08999594,0–10%,0,0
19343,0.66570246,60–70%,1,0
19757,0.2350063,20–30%,0,0
2091,0.37855515,30–40%,1,0
90,0.7575542,70–80%,1,1
15089,0.09621662,0–10%,0,0
17495,0.12519442,10–20%,0,0
21812,0.23171219,20–30%,0,0
1024,0.06618405,0–10%,0,0
2593,0.072687805,0–10%,0,0
1384,0.10064253,10–20%,0,0
5531,0.22845112,20–30%,0,0
5968,0.071069956,0–10%,0,0
18191,0.1507217,10–20%,0,0
23505,0.5637081,50–60%,1,1
5011,0.1583363,10–20%,0,1
8632,0.5387904,50–60%,1,0
2170,0.08210585,0–10%,0,0
309,0.0721,0–10%,0,0
10164,0.09792103,0–10%,0,1
15142,0.12220012,10–20%,0,0
22880,0.6455273,60–70%,1,0
14354,0.38503152,30–40%,1,1
21600,0.13014804,10–20%,0,1
7938,0.11610571,10–20%,0,0
27189,0.25758928,20–30%,0,1
17061,0.6237207,60–70%,1,0
25995,0.7447802,70–80%,1,1
29514,0.1349628,10–20%,0,0
13362,0.15263234,10–20%,0,0
17120,0.19763032,10–20%,0,0
17588,0.1964875,10–20%,0,0
4914,0.6716208,60–70%,1,0
6341,0.6920557,60–70%,1,0
11644,0.15164213,10–20%,0,0
24477,0.05844157,0–10%,0,0
15143,0.044701494,0–10%,0,0
27948,0.057893068,0–10%,0,0
20010,0.20789514,20–30%,0,1
8149,0.08790113,0–10%,0,0
3298,0.2667009,20–30%,0,1
4719,0.70628846,70–80%,1,0
11658,0.65076673,60–70%,1,1
11166,0.51907086,50–60%,1,0
18974,0.044188518,0–10%,0,0
8583,0.13359632,10–20%,0,0
8947,0.22597623,20–30%,0,1
22434,0.14435413,10–20%,0,0
29134,0.087536335,0–10%,0,0
9873,0.12362376,10–20%,0,0
6129,0.7287946,70–80%,1,1
10490,0.43500024,40–50%,1,0
20501,0.10885777,10–20%,0,0
22372,0.055458672,0–10%,0,0
27302,0.1530164,10–20%,0,0
18211,0.09531928,0–10%,0,0
4337,0.08007134,0–10%,0,0
27342,0.068257414,0–10%,0,0
8999,0.17113994,10–20%,0,0
12594,0.12348096,10–20%,0,0
7094,0.17661384,10–20%,0,1
9012,0.59657675,50–60%,1,0
21750,0.09405366,0–10%,0,0
15976,0.31827784,30–40%,1,1
25914,0.18153183,10–20%,0,0
673,0.8819705,80–90%,1,1
5516,0.58082056,50–60%,1,0
23451,0.4789012,40–50%,1,0
29084,0.35965532,30–40%,1,1
25592,0.047002744,0–10%,0,0
4510,0.3273667,30–40%,1,0
8206,0.14718914,10–20%,0,0
11076,0.06586685,0–10%,0,0
8055,0.12236145,10–20%,0,1
13025,0.06683372,0–10%,0,0
798,0.7896545,70–80%,1,0
18268,0.28244537,20–30%,0,0
387,0.30930328,30–40%,1,1
17646,0.22490892,20–30%,0,0
20,0.090095475,0–10%,0,0
22002,0.05469593,0–10%,0,0
15425,0.1311957,10–20%,0,0
18305,0.17564008,10–20%,0,0
15683,0.42736667,40–50%,1,0
18269,0.049917363,0–10%,0,0
22070,0.11516777,10–20%,0,0
12246,0.12958714,10–20%,0,0
17192,0.042008154,0–10%,0,0
238,0.112174846,10–20%,0,1
27934,0.07625136,0–10%,0,0
1168,0.20278654,20–30%,0,0
23402,0.15583508,10–20%,0,0
8066,0.0696282,0–10%,0,0
28574,0.13190857,10–20%,0,0
13138,0.11044088,10–20%,0,0
25075,0.06210444,0–10%,0,0
20059,0.05025249,0–10%,0,0
28357,0.13562314,10–20%,0,0
25107,0.16130498,10–20%,0,0
10575,0.7762675,70–80%,1,1
28406,0.31776744,30–40%,1,0
10836,0.16568656,10–20%,0,0
8683,0.05760071,0–10%,0,0
20328,0.22968848,20–30%,0,0
21058,0.09642789,0–10%,0,0
2052,0.29918084,20–30%,0,0
226,0.14764144,10–20%,0,0
21439,0.28296033,20–30%,0,1
14599,0.10294936,10–20%,0,0
14969,0.15150952,10–20%,0,1
29631,0.15756434,10–20%,0,0
6810,0.2073831,20–30%,0,0
14051,0.08591307,0–10%,0,0
27356,0.18292978,10–20%,0,0
12487,0.11811164,10–20%,0,0
21721,0.124730125,10–20%,0,0
8808,0.5116506,50–60%,1,1
12402,0.081503905,0–10%,0,1
23871,0.29883364,20–30%,0,0
4186,0.11048704,10–20%,0,0
29309,0.45428613,40–50%,1,1
8164,0.12352806,10–20%,0,0
16582,0.13296716,10–20%,0,1
5913,0.05854805,0–10%,0,0
15972,0.4071866,40–50%,1,1
2746,0.6769929,60–70%,1,1
2270,0.12407411,10–20%,0,0
9044,0.055707544,0–10%,0,0
5287,0.062741846,0–10%,0,0
23069,0.3580656,30–40%,1,0
1225,0.21399753,20–30%,0,1
17664,0.08057207,0–10%,0,0
14835,0.11583544,10–20%,0,0
3048,0.08858789,0–10%,0,0
8667,0.18600824,10–20%,0,1
6012,0.16729966,10–20%,0,1
65,0.38336346,30–40%,1,1
19483,0.09914108,0–10%,0,0
2524,0.14910014,10–20%,0,0
11519,0.3060029,30–40%,1,1
19595,0.6243093,60–70%,1,1
21839,0.08681563,0–10%,0,0
3435,0.23328921,20–30%,0,0
25898,0.11865498,10–20%,0,0
5360,0.17843217,10–20%,0,0
9810,0.12376165,10–20%,0,0
25645,0.7955578,70–80%,1,1
29253,0.15965281,10–20%,0,0
25395,0.18239093,10–20%,0,0
8957,0.074653335,0–10%,0,0
14740,0.36997142,30–40%,1,0
19253,0.10498444,10–20%,0,0
8932,0.3548011,30–40%,1,1
21962,0.059966464,0–10%,0,0
6175,0.7730769,70–80%,1,0
24657,0.14883243,10–20%,0,0
11711,0.055236876,0–10%,0,0
13305,0.2912487,20–30%,0,1
20592,0.1670933,10–20%,0,0
3754,0.03587879,0–10%,0,0
7617,0.37269822,30–40%,1,1
23686,0.029031005,0–10%,0,0
13033,0.10125595,10–20%,0,0
4901,0.25882405,20–30%,0,0
2552,0.20400375,20–30%,0,1
9856,0.45525596,40–50%,1,1
19781,0.25884387,20–30%,0,0
24145,0.059453774,0–10%,0,0
25038,0.06954398,0–10%,0,0
6059,0.19363953,10–20%,0,0
12275,0.08314157,0–10%,0,0
24147,0.21045376,20–30%,0,1
3911,0.32010207,30–40%,1,0
27513,0.12283449,10–20%,0,0
19285,0.1323231,10–20%,0,1
20715,0.07677074,0–10%,0,0
23513,0.079864144,0–10%,0,0
16785,0.48911512,40–50%,1,1
24893,0.14233698,10–20%,0,0
7070,0.4003067,40–50%,1,1
29170,0.40017816,40–50%,1,1
7024,0.07210501,0–10%,0,0
14470,0.8291313,80–90%,1,1
11707,0.25411987,20–30%,0,0
16071,0.118016444,10–20%,0,0
26774,0.7134983,70–80%,1,0
15988,0.14550678,10–20%,0,1
612,0.14989403,10–20%,0,0
2538,0.10341242,10–20%,0,0
6261,0.09588671,0–10%,0,0
26503,0.14178137,10–20%,0,0
7298,0.10441065,10–20%,0,0
15613,0.07560185,0–10%,0,0
27625,0.12980424,10–20%,0,0
29085,0.3512459,30–40%,1,0
18918,0.78143674,70–80%,1,1
27023,0.18288282,10–20%,0,0
23509,0.4665801,40–50%,1,0
20717,0.14321679,10–20%,0,0
2213,0.049675878,0–10%,0,0
19713,0.19119145,10–20%,0,0
26221,0.21448557,20–30%,0,0
16856,0.7189024,70–80%,1,0
10875,0.13606478,10–20%,0,1
17401,0.19849472,10–20%,0,0
3657,0.09601866,0–10%,0,0
6287,0.07989034,0–10%,0,0
12198,0.081724994,0–10%,0,0
13189,0.09732913,0–10%,0,0
27343,0.10983736,10–20%,0,0
25872,0.069639154,0–10%,0,0
12254,0.16257404,10–20%,0,0
26394,0.68943566,60–70%,1,0
27943,0.20231351,20–30%,0,0
5706,0.035449784,0–10%,0,0
28253,0.1499628,10–20%,0,0
6653,0.12864605,10–20%,0,1
21552,0.16220316,10–20%,0,0
15717,0.07599019,0–10%,0,0
7353,0.11712316,10–20%,0,0
20705,0.120552495,10–20%,0,0
19026,0.11561384,10–20%,0,1
9358,0.05781395,0–10%,0,0
18883,0.3228542,30–40%,1,0
21150,0.1059617,10–20%,0,0
210,0.078953706,0–10%,0,0
2247,0.32490024,30–40%,1,1
23303,0.16019583,10–20%,0,0
2085,0.31023598,30–40%,1,0
19540,0.029856639,0–10%,0,0
16392,0.08766551,0–10%,0,0
22032,0.072849415,0–10%,0,0
10136,0.13373774,10–20%,0,0
11027,0.13051303,10–20%,0,0
12960,0.078861415,0–10%,0,0
1388,0.05284049,0–10%,0,0
28367,0.06400944,0–10%,0,0
24686,0.04699674,0–10%,0,0
804,0.08714981,0–10%,0,0
10592,0.18653917,10–20%,0,0
27133,0.11844449,10–20%,0,0
10754,0.081333764,0–10%,0,0
6737,0.29516497,20–30%,0,0
8178,0.7745942,70–80%,1,1
3250,0.07150991,0–10%,0,0
21041,0.15367167,10–20%,0,0
16580,0.11884332,10–20%,0,0
18017,0.13600421,10–20%,0,0
4831,0.08152144,0–10%,0,1
14532,0.07575711,0–10%,0,0
26466,0.076944984,0–10%,0,1
23107,0.06614719,0–10%,0,0
19936,0.38768175,30–40%,1,0
2655,0.39591575,30–40%,1,1
17948,0.16278169,10–20%,0,0
2081,0.09829844,0–10%,0,0
23251,0.15673704,10–20%,0,0
14188,0.13359316,10–20%,0,0
3551,0.06263751,0–10%,0,0
20393,0.048497807,0–10%,0,0
26377,0.027663844,0–10%,0,0
18389,0.05990972,0–10%,0,0
11630,0.04481909,0–10%,0,0
10972,0.16342196,10–20%,0,0
26487,0.17928684,10–20%,0,0
6314,0.087436035,0–10%,0,0
3059,0.0649179,0–10%,0,0
11286,0.18974446,10–20%,0,0
12915,0.08169376,0–10%,0,0
27598,0.2269548,20–30%,0,0
1483,0.11839931,10–20%,0,0
13877,0.1802815,10–20%,0,0
9596,0.3190261,30–40%,1,0
17168,0.129055,10–20%,0,0
9882,0.20094298,20–30%,0,0
2267,0.1769856,10–20%,0,0
7982,0.42277634,40–50%,1,0
18245,0.093128845,0–10%,0,0
7917,0.13766895,10–20%,0,0
5253,0.41040727,40–50%,1,0
4275,0.6177543,60–70%,1,1
15422,0.08663514,0–10%,0,0
23602,0.7082889,70–80%,1,1
3583,0.79249126,70–80%,1,1
26248,0.14862937,10–20%,0,0
27611,0.13037175,10–20%,0,0
3423,0.13403267,10–20%,0,1
18092,0.79009527,70–80%,1,1
11329,0.18444328,10–20%,0,0
788,0.1303903,10–20%,0,0
618,0.14852639,10–20%,0,0
27631,0.6442277,60–70%,1,1
26548,0.14920752,10–20%,0,0
27986,0.043158744,0–10%,0,0
3030,0.08491571,0–10%,0,0
17243,0.11054947,10–20%,0,0
3671,0.13681327,10–20%,0,0
27020,0.30501115,30–40%,1,1
10721,0.19864638,10–20%,0,0
505,0.23760773,20–30%,0,0
5716,0.04789582,0–10%,0,0
18579,0.4499574,40–50%,1,0
25490,0.34818852,30–40%,1,0
14193,0.17077222,10–20%,0,0
27993,0.23225103,20–30%,0,0
14138,0.1479367,10–20%,0,0
28187,0.2728923,20–30%,0,1
16380,0.2793247,20–30%,0,1
25567,0.02582793,0–10%,0,0
25244,0.16627268,10–20%,0,0
22904,0.26102144,20–30%,0,0
27120,0.08949827,0–10%,0,0
4527,0.4276049,40–50%,1,1
27498,0.63668984,60–70%,1,1
16143,0.053724285,0–10%,0,0
14007,0.16197044,10–20%,0,1
27097,0.102620244,10–20%,0,0
17472,0.1213602,10–20%,0,0
6271,0.89493704,80–90%,1,1
20182,0.05206553,0–10%,0,0
15930,0.06827616,0–10%,0,0
9186,0.2273817,20–30%,0,0
7131,0.06808456,0–10%,0,0
3589,0.7639071,70–80%,1,1
824,0.17538168,10–20%,0,1
9450,0.02746834,0–10%,0,0
507,0.10379223,10–20%,0,0
28184,0.10326231,10–20%,0,0
17522,0.09511925,0–10%,0,0
17707,0.1888408,10–20%,0,0
8022,0.1455732,10–20%,0,0
17184,0.03576725,0–10%,0,0
18084,0.3226147,30–40%,1,0
3584,0.067106195,0–10%,0,0
20075,0.03491405,0–10%,0,0
6442,0.1685891,10–20%,0,0
2766,0.053237475,0–10%,0,0
28204,0.19767971,10–20%,0,1
2366,0.065332875,0–10%,0,0
9110,0.7876013,70–80%,1,1
2644,0.4100109,40–50%,1,1
21574,0.106548615,10–20%,0,0
864,0.067293875,0–10%,0,0
2733,0.14032574,10–20%,0,0
19487,0.29822126,20–30%,0,0
28278,0.04908138,0–10%,0,0
14277,0.4510875,40–50%,1,0
13726,0.15212356,10–20%,0,0
13704,0.019598275,0–10%,0,0
524,0.056842964,0–10%,0,0
16018,0.037579693,0–10%,0,0
1956,0.9164583,90–100%,1,1
1107,0.22488962,20–30%,0,0
4356,0.074334085,0–10%,0,0
10322,0.4013945,40–50%,1,0
24177,0.087728925,0–10%,0,0
15387,0.12605706,10–20%,0,0
20380,0.15476438,10–20%,0,1
1354,0.17462844,10–20%,0,0
3626,0.13991012,10–20%,0,0
10772,0.33346602,30–40%,1,0
4351,0.24249911,20–30%,0,1
1565,0.21688038,20–30%,0,0
18459,0.20414451,20–30%,0,0
6711,0.16305451,10–20%,0,0
12167,0.043770134,0–10%,0,0
6563,0.13251828,10–20%,0,0
13350,0.06575218,0–10%,0,0
13649,0.07635754,0–10%,0,0
11523,0.10436185,10–20%,0,0
24755,0.10774218,10–20%,0,0
5459,0.020834245,0–10%,0,0
28064,0.13730495,10–20%,0,0
1095,0.11137433,10–20%,0,0
12973,0.11207419,10–20%,0,0
23817,0.10394208,10–20%,0,1
6694,0.22936404,20–30%,0,0
22552,0.11253582,10–20%,0,0
1825,0.06417255,0–10%,0,0
1566,0.057517987,0–10%,0,0
17240,0.37314865,30–40%,1,0
11877,0.05293239,0–10%,0,0
18095,0.10020128,10–20%,0,0
306,0.049228776,0–10%,0,0
22057,0.041749272,0–10%,0,0
12281,0.72737765,70–80%,1,1
12734,0.357528,30–40%,1,1
16406,0.09599298,0–10%,0,1
8283,0.19832003,10–20%,0,0
19799,0.19809814,10–20%,0,0
5594,0.323557,30–40%,1,0
8855,0.10678757,10–20%,0,1
26250,0.060042743,0–10%,0,0
23051,0.16054344,10–20%,0,0
24429,0.14226967,10–20%,0,1
8170,0.029059505,0–10%,0,0
19734,0.13524649,10–20%,0,0
4807,0.04676361,0–10%,0,0
29652,0.03219096,0–10%,0,0
25794,0.07192662,0–10%,0,0
10582,0.094199136,0–10%,0,0
18489,0.58265674,50–60%,1,1
7358,0.10438773,10–20%,0,0
19574,0.089911394,0–10%,0,0
21695,0.06868042,0–10%,0,0
7511,0.1229938,10–20%,0,0
8569,0.07015476,0–10%,0,0
28321,0.09618147,0–10%,0,1
6328,0.041067176,0–10%,0,0
11369,0.15728374,10–20%,0,0
21444,0.086193606,0–10%,0,0
3068,0.044058636,0–10%,0,0
2820,0.68262273,60–70%,1,0
5679,0.24653211,20–30%,0,0
2079,0.5987565,50–60%,1,0
19504,0.24186389,20–30%,0,0
20748,0.060757034,0–10%,0,0
23879,0.077164665,0–10%,0,0
27230,0.74140316,70–80%,1,1
23538,0.08949889,0–10%,0,0
21826,0.052635938,0–10%,0,0
655,0.062281527,0–10%,0,1
17598,0.25205964,20–30%,0,1
12082,0.157367,10–20%,0,0
20338,0.6699772,60–70%,1,0
22514,0.09055453,0–10%,0,0
26547,0.099071644,0–10%,0,0
25854,0.13078655,10–20%,0,0
9342,0.2009322,20–30%,0,0
23704,0.7686383,70–80%,1,1
14159,0.070480235,0–10%,0,1
29912,0.07963329,0–10%,0,0
11368,0.2523291,20–30%,0,1
22252,0.030334488,0–10%,0,0
14855,0.16493285,10–20%,0,0
2697,0.14458978,10–20%,0,0
24586,0.20384908,20–30%,0,0
8117,0.71531934,70–80%,1,1
25571,0.044611983,0–10%,0,0
17672,0.08235445,0–10%,0,0
8730,0.205056,20–30%,0,0
29580,0.083696514,0–10%,0,0
13861,0.08697949,0–10%,0,1
14725,0.13669704,10–20%,0,0
5592,0.80010545,80–90%,1,0
18509,0.23121569,20–30%,0,0
16882,0.077858776,0–10%,0,0
5449,0.08985514,0–10%,0,0
2034,0.23067619,20–30%,0,0
17379,0.32391232,30–40%,1,0
13664,0.24260435,20–30%,0,0
12038,0.053015,0–10%,0,0
14418,0.7834569,70–80%,1,0
14717,0.739719,70–80%,1,0
13953,0.030246312,0–10%,0,0
21588,0.14418836,10–20%,0,0
7032,0.12093772,10–20%,0,0
18866,0.076006934,0–10%,0,0
14054,0.26181588,20–30%,0,0
1602,0.07729187,0–10%,0,0
6872,0.06389604,0–10%,0,0
3930,0.14905898,10–20%,0,0
8171,0.3024336,30–40%,1,1
22826,0.09730109,0–10%,0,0
29060,0.06487815,0–10%,0,0
14862,0.13954009,10–20%,0,0
28969,0.18408991,10–20%,0,0
26872,0.10960634,10–20%,0,0
26595,0.21892509,20–30%,0,0
11169,0.043591503,0–10%,0,0
23395,0.14530346,10–20%,0,0
9857,0.72990596,70–80%,1,1
22738,0.09645872,0–10%,0,0
22319,0.07969571,0–10%,0,0
7659,0.7150227,70–80%,1,0
11162,0.13086677,10–20%,0,0
10185,0.066081524,0–10%,0,1
7566,0.23233579,20–30%,0,0
6498,0.12015273,10–20%,0,0
3124,0.12780772,10–20%,0,0
23643,0.06342671,0–10%,0,0
9112,0.16701722,10–20%,0,0
28236,0.02847338,0–10%,0,0
3031,0.29867035,20–30%,0,0
2777,0.06611635,0–10%,0,0
29123,0.17025685,10–20%,0,0
13492,0.17847052,10–20%,0,0
4259,0.3511796,30–40%,1,1
4895,0.17817248,10–20%,0,0
23707,0.11079414,10–20%,0,0
825,0.2157057,20–30%,0,0
6959,0.09085578,0–10%,0,0
188,0.15855268,10–20%,0,0
9142,0.5756263,50–60%,1,1
3136,0.15817061,10–20%,0,0
5064,0.50864595,50–60%,1,1
26667,0.14743121,10–20%,0,0
4889,0.11755356,10–20%,0,0
4863,0.120872475,10–20%,0,1
18671,0.20214051,20–30%,0,0
17753,0.039462786,0–10%,0,0
16254,0.23052907,20–30%,0,1
22549,0.25394273,20–30%,0,0
25930,0.0988846,0–10%,0,0
23973,0.14251484,10–20%,0,0
26057,0.6678056,60–70%,1,1
6894,0.81504846,80–90%,1,1
28760,0.18554556,10–20%,0,0
24368,0.3149356,30–40%,1,0
15955,0.07001673,0–10%,0,0
13434,0.15381673,10–20%,0,0
17975,0.1189698,10–20%,0,0
7973,0.43700662,40–50%,1,0
3258,0.027387219,0–10%,0,0
4193,0.6451048,60–70%,1,0
16445,0.0933761,0–10%,0,0
20720,0.07167852,0–10%,0,0
25531,0.23368616,20–30%,0,0
16846,0.102424294,10–20%,0,0
21392,0.61717874,60–70%,1,1
3672,0.14988498,10–20%,0,1
780,0.26920995,20–30%,0,0
2473,0.13981952,10–20%,0,0
5408,0.099240825,0–10%,0,0
14466,0.038427826,0–10%,0,0
4623,0.16709411,10–20%,0,0
15454,0.75329345,70–80%,1,1
17093,0.18738669,10–20%,0,0
2966,0.13664299,10–20%,0,0
7257,0.14414611,10–20%,0,1
17142,0.34491077,30–40%,1,1
12321,0.14321026,10–20%,0,0
5954,0.062336944,0–10%,0,0
21051,0.11416677,10–20%,0,0
28519,0.11708505,10–20%,0,0
7891,0.051920585,0–10%,0,0
435,0.58447886,50–60%,1,1
8489,0.18824217,10–20%,0,0
7122,0.6468556,60–70%,1,1
18300,0.14923714,10–20%,0,0
28038,0.09429396,0–10%,0,1
13530,0.2916104,20–30%,0,0
17619,0.6711271,60–70%,1,1
13749,0.13172899,10–20%,0,0
15303,0.094221644,0–10%,0,1
15557,0.07646646,0–10%,0,0
13423,0.20926656,20–30%,0,1
21243,0.0990222,0–10%,0,0
25094,0.08527784,0–10%,0,0
22656,0.64446247,60–70%,1,1
25851,0.5549481,50–60%,1,1
24733,0.16329275,10–20%,0,0
18511,0.14646353,10–20%,0,1
24620,0.24414042,20–30%,0,0
17004,0.77461034,70–80%,1,0
24940,0.21774118,20–30%,0,0
29260,0.23745231,20–30%,0,0
10830,0.7347488,70–80%,1,1
20464,0.798306,70–80%,1,1
13250,0.19736816,10–20%,0,0
20631,0.058263306,0–10%,0,0
3331,0.19717915,10–20%,0,0
10887,0.14387698,10–20%,0,0
26567,0.28290242,20–30%,0,0
19743,0.11479671,10–20%,0,0
29318,0.15617098,10–20%,0,0
6046,0.021575501,0–10%,0,0
12318,0.7791059,70–80%,1,1
11401,0.052369,0–10%,0,0
12296,0.06251247,0–10%,0,1
3303,0.036862742,0–10%,0,0
28937,0.2054971,20–30%,0,0
7023,0.11516944,10–20%,0,0
5477,0.12306011,10–20%,0,0
18678,0.11773567,10–20%,0,0
20575,0.021033164,0–10%,0,0
23164,0.17152894,10–20%,0,1
2936,0.11357412,10–20%,0,0
27915,0.49591637,40–50%,1,1
20024,0.16199258,10–20%,0,0
18041,0.3590991,30–40%,1,0
28668,0.16107666,10–20%,0,0
15304,0.11428776,10–20%,0,0
7004,0.14185432,10–20%,0,0
18773,0.7191427,70–80%,1,1
5921,0.16951483,10–20%,0,0
24988,0.5967892,50–60%,1,1
8441,0.1773333,10–20%,0,0
27277,0.5269514,50–60%,1,0
26472,0.10333203,10–20%,0,1
1091,0.08101856,0–10%,0,0
25705,0.024163663,0–10%,0,0
487,0.07892367,0–10%,0,0
14415,0.081052504,0–10%,0,0
26344,0.13113703,10–20%,0,0
6037,0.089969136,0–10%,0,0
4996,0.040248033,0–10%,0,0
19224,0.07056488,0–10%,0,0
20390,0.099714816,0–10%,0,0
21935,0.07697586,0–10%,0,0
4762,0.6253364,60–70%,1,1
4862,0.77881557,70–80%,1,1
4240,0.11292818,10–20%,0,0
8226,0.3611718,30–40%,1,0
23243,0.07245465,0–10%,0,0
11100,0.11219552,10–20%,0,0
1425,0.16216408,10–20%,0,0
27627,0.5569377,50–60%,1,1
16131,0.22856787,20–30%,0,0
15167,0.14989941,10–20%,0,0
15402,0.043835223,0–10%,0,0
5764,0.042990625,0–10%,0,0
25513,0.11297252,10–20%,0,0
23259,0.17723477,10–20%,0,0
2908,0.33776057,30–40%,1,1
10530,0.20572077,20–30%,0,0
29080,0.13462056,10–20%,0,1
9853,0.14552343,10–20%,0,0
6013,0.13680635,10–20%,0,0
21,0.2574524,20–30%,0,1
13872,0.5861924,50–60%,1,0
20426,0.18299931,10–20%,0,0
4590,0.33198616,30–40%,1,1
8033,0.051175363,0–10%,0,0
11955,0.13964538,10–20%,0,0
13823,0.15526876,10–20%,0,0
25060,0.09921325,0–10%,0,0
1534,0.14477682,10–20%,0,0
28780,0.06068224,0–10%,0,0
10834,0.07960553,0–10%,0,0
2508,0.13402657,10–20%,0,0
13724,0.122193985,10–20%,0,0
7265,0.29986545,20–30%,0,1
29159,0.037487675,0–10%,0,0
19971,0.13659355,10–20%,0,0
6244,0.10344996,10–20%,0,0
27760,0.11932268,10–20%,0,0
10389,0.76283497,70–80%,1,1
19286,0.08228151,0–10%,0,0
29276,0.13095942,10–20%,0,0
16055,0.08233384,0–10%,0,0
22290,0.78707254,70–80%,1,1
16954,0.28567976,20–30%,0,0
29437,0.22862859,20–30%,0,0
12024,0.6988225,60–70%,1,1
6761,0.23063566,20–30%,0,0
10323,0.46776408,40–50%,1,0
28565,0.14676915,10–20%,0,0
8477,0.05392193,0–10%,0,0
28816,0.07016443,0–10%,0,0
3069,0.34597558,30–40%,1,0
7161,0.13201274,10–20%,0,1
29454,0.15978438,10–20%,0,1
7401,0.19034055,10–20%,0,0
15224,0.12674269,10–20%,0,0
5643,0.1498723,10–20%,0,0
164,0.14883626,10–20%,0,0
17893,0.07670683,0–10%,0,0
15787,0.16183953,10–20%,0,0
13869,0.14848816,10–20%,0,0
10057,0.1761531,10–20%,0,0
10610,0.20103587,20–30%,0,0
11759,0.10356824,10–20%,0,0
18030,0.14262901,10–20%,0,0
4892,0.15235451,10–20%,0,0
5292,0.16843772,10–20%,0,0
9037,0.3290184,30–40%,1,0
28867,0.064086534,0–10%,0,0
4103,0.10175568,10–20%,0,0
18255,0.0693242,0–10%,0,0
7169,0.29704922,20–30%,0,1
4957,0.16625133,10–20%,0,1
109,0.3598888,30–40%,1,0
2945,0.11762723,10–20%,0,0
21345,0.11401278,10–20%,0,0
29918,0.08144818,0–10%,0,0
16342,0.0753458,0–10%,0,0
24587,0.0478425,0–10%,0,0
23434,0.13925049,10–20%,0,0
5001,0.039695095,0–10%,0,1
24133,0.09391774,0–10%,0,0
2240,0.07716933,0–10%,0,0
16664,0.16790175,10–20%,0,0
25360,0.11835534,10–20%,0,0
28643,0.1371634,10–20%,0,0
14433,0.12960073,10–20%,0,0
6211,0.14948986,10–20%,0,0
18839,0.16812593,10–20%,0,0
3594,0.118807934,10–20%,0,1
21894,0.19900255,10–20%,0,0
10255,0.16053538,10–20%,0,0
6990,0.62432593,60–70%,1,0
28112,0.03609453,0–10%,0,0
6119,0.7734659,70–80%,1,1
21672,0.64673686,60–70%,1,1
13203,0.058974802,0–10%,0,0
7654,0.1606243,10–20%,0,0
23736,0.26258188,20–30%,0,1
17878,0.24240172,20–30%,0,0
27428,0.18326065,10–20%,0,1
23695,0.13447563,10–20%,0,0
10795,0.06351029,0–10%,0,0
6382,0.39438486,30–40%,1,0
3350,0.6490462,60–70%,1,1
92,0.078681864,0–10%,0,0
5349,0.5081972,50–60%,1,1
26517,0.20766038,20–30%,0,1
8218,0.1705881,10–20%,0,0
27232,0.16928048,10–20%,0,0
24717,0.36385113,30–40%,1,0
22008,0.07943217,0–10%,0,0
3965,0.05311435,0–10%,0,0
26911,0.08133113,0–10%,0,0
22627,0.27288103,20–30%,0,1
2856,0.25772634,20–30%,0,0
22779,0.0949056,0–10%,0,0
29173,0.14163242,10–20%,0,0
6867,0.11733422,10–20%,0,0
7326,0.10460282,10–20%,0,0
28528,0.12721807,10–20%,0,0
26220,0.22944424,20–30%,0,0
23431,0.28743923,20–30%,0,1
27269,0.124553494,10–20%,0,0
5987,0.34579414,30–40%,1,1
6177,0.15867272,10–20%,0,1
18086,0.14633043,10–20%,0,1
4932,0.1504764,10–20%,0,0
28903,0.05124801,0–10%,0,0
20178,0.12362601,10–20%,0,0
205,0.17730576,10–20%,0,0
4705,0.13830405,10–20%,0,0
20382,0.13280578,10–20%,0,0
23236,0.39625907,30–40%,1,0
9766,0.19341575,10–20%,0,0
24594,0.44079596,40–50%,1,1
8020,0.16251424,10–20%,0,1
279,0.049971912,0–10%,0,0
3131,0.10061643,10–20%,0,0
25992,0.16656682,10–20%,0,0
14944,0.13166472,10–20%,0,0
10023,0.8569582,80–90%,1,0
28501,0.4429323,40–50%,1,0
21706,0.11337344,10–20%,0,0
8962,0.0662972,0–10%,0,0
19250,0.047422513,0–10%,0,1
11397,0.1644026,10–20%,0,1
8726,0.1637653,10–20%,0,0
1443,0.09832057,0–10%,0,0
6076,0.6131488,60–70%,1,1
27650,0.77152836,70–80%,1,0
28408,0.04585871,0–10%,0,0
8986,0.10766534,10–20%,0,0
15159,0.6068421,60–70%,1,0
8480,0.1864931,10–20%,0,0
5284,0.64845103,60–70%,1,1
12008,0.16513892,10–20%,0,0
12359,0.19641557,10–20%,0,0
27554,0.59296227,50–60%,1,1
6427,0.10423385,10–20%,0,0
10918,0.04263561,0–10%,0,0
11562,0.13148378,10–20%,0,0
5813,0.28997412,20–30%,0,0
25734,0.07444026,0–10%,0,0
18824,0.09575941,0–10%,0,0
18263,0.13495399,10–20%,0,1
22999,0.13865778,10–20%,0,0
118,0.037456397,0–10%,0,0
13943,0.3252344,30–40%,1,1
21177,0.047502235,0–10%,0,0
13905,0.14175965,10–20%,0,0
3341,0.13249013,10–20%,0,0
22747,0.10237495,10–20%,0,0
8719,0.085206844,0–10%,0,0
8559,0.0805287,0–10%,0,0
23341,0.31215656,30–40%,1,1
4048,0.3224582,30–40%,1,1
14444,0.10170425,10–20%,0,0
5872,0.093852006,0–10%,0,0
16436,0.18651256,10–20%,0,0
3501,0.024277274,0–10%,0,0
24574,0.1265448,10–20%,0,0
2080,0.13773623,10–20%,0,0
3632,0.11846167,10–20%,0,0
4013,0.75439626,70–80%,1,1
4819,0.12026485,10–20%,0,0
24555,0.11669336,10–20%,0,0
12769,0.10172056,10–20%,0,0
7313,0.17829306,10–20%,0,1
7921,0.22533908,20–30%,0,1
9229,0.061042678,0–10%,0,0
23907,0.16297685,10–20%,0,1
2478,0.13961686,10–20%,0,0
2417,0.7155592,70–80%,1,1
4409,0.24712294,20–30%,0,0
4326,0.25692862,20–30%,0,0
2187,0.30385146,30–40%,1,1
15075,0.06232495,0–10%,0,0
28633,0.8070729,80–90%,1,1
9681,0.014148223,0–10%,0,0
2793,0.13374856,10–20%,0,0
17503,0.090596594,0–10%,0,0
22176,0.54992837,50–60%,1,1
337,0.19596076,10–20%,0,0
7416,0.72563297,70–80%,1,0
11378,0.08187083,0–10%,0,0
10264,0.40929395,40–50%,1,0
1394,0.08236232,0–10%,0,0
14074,0.34509465,30–40%,1,1
13852,0.06547409,0–10%,0,0
13833,0.15873648,10–20%,0,0
9001,0.10352526,10–20%,0,0
25900,0.06258359,0–10%,0,0
28483,0.17646879,10–20%,0,0
5766,0.13568875,10–20%,0,0
1139,0.06934651,0–10%,0,0
17583,0.06753462,0–10%,0,1
14995,0.366214,30–40%,1,0
28003,0.029447285,0–10%,0,0
25222,0.14905846,10–20%,0,0
29704,0.17739256,10–20%,0,0
25788,0.07143887,0–10%,0,0
24925,0.17861181,10–20%,0,0
13998,0.10809553,10–20%,0,0
5260,0.51082885,50–60%,1,1
9032,0.0934997,0–10%,0,0
13591,0.10932714,10–20%,0,0
9479,0.34551308,30–40%,1,1
29726,0.8977784,80–90%,1,1
23115,0.13769943,10–20%,0,0
11894,0.15873134,10–20%,0,0
12435,0.055403735,0–10%,0,1
10246,0.09355755,0–10%,0,0
26551,0.106114395,10–20%,0,1
28553,0.19650248,10–20%,0,0
20558,0.13756473,10–20%,0,0
22088,0.20729536,20–30%,0,0
21634,0.69205517,60–70%,1,1
3339,0.16671701,10–20%,0,1
17900,0.3673343,30–40%,1,0
8227,0.124363355,10–20%,0,1
21912,0.14107001,10–20%,0,0
7304,0.07630732,0–10%,0,0
19202,0.053651813,0–10%,0,0
19415,0.1342945,10–20%,0,1
18578,0.13099611,10–20%,0,0
25704,0.4353633,40–50%,1,1
18909,0.19231114,10–20%,0,0
1468,0.14958252,10–20%,0,0
5098,0.08828509,0–10%,0,0
4675,0.09080622,0–10%,0,0
22306,0.3194477,30–40%,1,1
19995,0.11660436,10–20%,0,0
22688,0.78501123,70–80%,1,1
7837,0.0321211,0–10%,0,0
7103,0.019619396,0–10%,0,0
19135,0.16691971,10–20%,0,0
11760,0.2727904,20–30%,0,0
24154,0.6629438,60–70%,1,1
26816,0.17312104,10–20%,0,0
10001,0.20228353,20–30%,0,0
18213,0.10765278,10–20%,0,1
11620,0.09305869,0–10%,0,0
25005,0.37034804,30–40%,1,0
11934,0.08374816,0–10%,0,0
7010,0.12976207,10–20%,0,0
15282,0.08598396,0–10%,0,0
29841,0.05007371,0–10%,0,0
28413,0.10817579,10–20%,0,0
11629,0.12307043,10–20%,0,0
29520,0.14635567,10–20%,0,1
27460,0.193485,10–20%,0,0
10483,0.096892394,0–10%,0,0
28173,0.21796827,20–30%,0,1
28749,0.2005292,20–30%,0,0
7915,0.028577313,0–10%,0,0
22690,0.734462,70–80%,1,0
5588,0.10055943,10–20%,0,0
15104,0.1561572,10–20%,0,0
18542,0.0740238,0–10%,0,0
26439,0.13898452,10–20%,0,0
22368,0.118824005,10–20%,0,0
3512,0.7881652,70–80%,1,1
19046,0.042265527,0–10%,0,0
27539,0.15445468,10–20%,0,1
21702,0.5894677,50–60%,1,0
16262,0.046098337,0–10%,0,0
22543,0.33089337,30–40%,1,1
28920,0.33831936,30–40%,1,1
10723,0.03056246,0–10%,0,0
11957,0.1892398,10–20%,0,0
20613,0.15049763,10–20%,0,0
5314,0.19095941,10–20%,0,0
22481,0.059428368,0–10%,0,0
16219,0.19248825,10–20%,0,1
12054,0.31281853,30–40%,1,1
5693,0.23736596,20–30%,0,0
2682,0.22776562,20–30%,0,0
1689,0.47550035,40–50%,1,1
20447,0.2192103,20–30%,0,0
27981,0.121656515,10–20%,0,0
27190,0.7571377,70–80%,1,0
8950,0.034432013,0–10%,0,0
20624,0.17940742,10–20%,0,0
14336,0.037933245,0–10%,0,0
19921,0.16661966,10–20%,0,0
7516,0.38454235,30–40%,1,0
16906,0.09506954,0–10%,0,0
16612,0.72796535,70–80%,1,1
599,0.19376059,10–20%,0,1
13131,0.13021262,10–20%,0,0
10833,0.15857737,10–20%,0,1
28218,0.16512223,10–20%,0,0
15249,0.18169565,10–20%,0,0
4141,0.6194576,60–70%,1,0
277,0.23860338,20–30%,0,0
9933,0.15506542,10–20%,0,1
21648,0.29006967,20–30%,0,0
16050,0.05346545,0–10%,0,0
1283,0.064825274,0–10%,0,0
22091,0.06251851,0–10%,0,0
1216,0.11753625,10–20%,0,0
24032,0.46519765,40–50%,1,1
29092,0.26944143,20–30%,0,0
9245,0.11157993,10–20%,0,0
2076,0.3504556,30–40%,1,0
11196,0.20378545,20–30%,0,0
19505,0.105075315,10–20%,0,0
10532,0.13002102,10–20%,0,0
4398,0.044103146,0–10%,0,0
29103,0.12819956,10–20%,0,0
28077,0.15581983,10–20%,0,0
28630,0.05055202,0–10%,0,0
20635,0.14323863,10–20%,0,0
14926,0.048226617,0–10%,0,0
7376,0.34038612,30–40%,1,0
17683,0.14041837,10–20%,0,0
27922,0.4827352,40–50%,1,1
18115,0.16747317,10–20%,0,0
16533,0.12524933,10–20%,0,0
760,0.4085662,40–50%,1,1
1276,0.04523498,0–10%,0,0
25154,0.74169165,70–80%,1,1
18612,0.0375976,0–10%,0,0
12925,0.14518431,10–20%,0,0
17275,0.09395506,0–10%,0,0
28267,0.10758354,10–20%,0,0
29059,0.14245547,10–20%,0,0
18295,0.32591194,30–40%,1,1
9091,0.148854,10–20%,0,0
9715,0.28641543,20–30%,0,0
526,0.47320023,40–50%,1,0
8856,0.6639526,60–70%,1,1
13573,0.13826023,10–20%,0,0
970,0.041260846,0–10%,0,1
6355,0.14722729,10–20%,0,0
17172,0.11083856,10–20%,0,0
11508,0.066755965,0–10%,0,0
10518,0.09488514,0–10%,0,0
15407,0.042333376,0–10%,0,0
16660,0.11283555,10–20%,0,0
12660,0.37160105,30–40%,1,0
540,0.20756114,20–30%,0,0
2854,0.80429053,80–90%,1,1
20481,0.16423935,10–20%,0,0
2669,0.1494228,10–20%,0,1
474,0.15115666,10–20%,0,0
24684,0.6657112,60–70%,1,1
5142,0.16383725,10–20%,0,0
6263,0.11874958,10–20%,0,0
4289,0.12350694,10–20%,0,0
15681,0.30860567,30–40%,1,1
25256,0.23473291,20–30%,0,0
1192,0.12976283,10–20%,0,1
8728,0.13941929,10–20%,0,0
27024,0.66506666,60–70%,1,0
23894,0.102717854,10–20%,0,0
14621,0.025519947,0–10%,0,0
26010,0.049147055,0–10%,0,0
24667,0.08096836,0–10%,0,0
18573,0.083684355,0–10%,0,1
1189,0.08035943,0–10%,0,0
15160,0.6945563,60–70%,1,1
15666,0.18739621,10–20%,0,0
8803,0.40043038,40–50%,1,0
16103,0.70762485,70–80%,1,0
23337,0.0792959,0–10%,0,0
8349,0.17819382,10–20%,0,0
3009,0.695462,60–70%,1,1
6497,0.19705693,10–20%,0,0
20107,0.13165645,10–20%,0,0
8568,0.123818874,10–20%,0,0
2422,0.16916241,10–20%,0,0
5296,0.16015092,10–20%,0,0
34,0.08625037,0–10%,0,0
6217,0.38158414,30–40%,1,0
26908,0.15497163,10–20%,0,0
6173,0.3708922,30–40%,1,0
13968,0.5670185,50–60%,1,1
24540,0.073921174,0–10%,0,0
29429,0.15878211,10–20%,0,0
11806,0.067367375,0–10%,0,0
11313,0.1365094,10–20%,0,0
27171,0.10593223,10–20%,0,0
22819,0.035973348,0–10%,0,0
11314,0.59585106,50–60%,1,1
28096,0.40691015,40–50%,1,1
28649,0.06710882,0–10%,0,0
3262,0.28277192,20–30%,0,0
25182,0.6687273,60–70%,1,1
154,0.16518514,10–20%,0,0
18296,0.39337364,30–40%,1,1
27221,0.90302515,90–100%,1,1
28799,0.17791684,10–20%,0,0
26318,0.226882,20–30%,0,1
9132,0.072247,0–10%,0,0
8770,0.15965834,10–20%,0,0
11211,0.70127773,70–80%,1,1
29599,0.10510137,10–20%,0,0
20863,0.1685157,10–20%,0,0
21043,0.19322813,10–20%,0,0
3744,0.036651134,0–10%,0,0
28972,0.113964625,10–20%,0,0
25519,0.15314876,10–20%,0,0
3823,0.08010719,0–10%,0,0
838,0.029897332,0–10%,0,0
12163,0.6220606,60–70%,1,0
27793,0.5280696,50–60%,1,0
15051,0.106023766,10–20%,0,0
841,0.053870168,0–10%,0,0
17555,0.18838453,10–20%,0,0
10303,0.20244211,20–30%,0,0
21191,0.023904823,0–10%,0,0
653,0.18615036,10–20%,0,1
24379,0.11985164,10–20%,0,0
21231,0.13944809,10–20%,0,0
16273,0.19525898,10–20%,0,0
26431,0.1331608,10–20%,0,0
23829,0.1526944,10–20%,0,0
25697,0.22203104,20–30%,0,0
28627,0.16714342,10–20%,0,0
20326,0.16560036,10–20%,0,0
5441,0.031941164,0–10%,0,0
13926,0.17742743,10–20%,0,0
22710,0.28638694,20–30%,0,1
20866,0.6245442,60–70%,1,0
27201,0.17041075,10–20%,0,0
9274,0.16230774,10–20%,0,0
2827,0.06984263,0–10%,0,0
28274,0.047527086,0–10%,0,0
26543,0.11800061,10–20%,0,0
7436,0.7608324,70–80%,1,1
27870,0.19460684,10–20%,0,0
24144,0.13335733,10–20%,0,0
10375,0.12317651,10–20%,0,0
26073,0.33158347,30–40%,1,0
29364,0.19515005,10–20%,0,0
21129,0.3068029,30–40%,1,0
14955,0.1618875,10–20%,0,0
13246,0.04505515,0–10%,0,0
23465,0.6892773,60–70%,1,1
23653,0.12813982,10–20%,0,0
29512,0.25057444,20–30%,0,1
17361,0.4598336,40–50%,1,0
17213,0.4258069,40–50%,1,1
10890,0.29873344,20–30%,0,1
13094,0.4300136,40–50%,1,0
15267,0.40466124,40–50%,1,0
11225,0.5279161,50–60%,1,0
3646,0.043697298,0–10%,0,0
4703,0.73817515,70–80%,1,1
19527,0.14722483,10–20%,0,1
29211,0.15093248,10–20%,0,0
4934,0.65479434,60–70%,1,0
24618,0.20084721,20–30%,0,0
29641,0.10223081,10–20%,0,0
1843,0.14162995,10–20%,0,1
15996,0.10085304,10–20%,0,1
7410,0.21295814,20–30%,0,0
25974,0.47009787,40–50%,1,0
29903,0.04893567,0–10%,0,0
28452,0.2126306,20–30%,0,0
16597,0.05454766,0–10%,0,0
16147,0.08913605,0–10%,0,0
20895,0.06887578,0–10%,0,0
23667,0.13370635,10–20%,0,0
23467,0.031113924,0–10%,0,0
21104,0.16253175,10–20%,0,0
1147,0.17159668,10–20%,0,0
17767,0.058991842,0–10%,0,0
9722,0.028918875,0–10%,0,0
15752,0.45522156,40–50%,1,0
27450,0.06634287,0–10%,0,0
29151,0.72530854,70–80%,1,1
9795,0.06419363,0–10%,0,1
3101,0.07120418,0–10%,0,0
18581,0.061241344,0–10%,0,0
8085,0.04652014,0–10%,0,0
9728,0.048895285,0–10%,0,0
16545,0.18128768,10–20%,0,0
28885,0.21299425,20–30%,0,0
469,0.14595564,10–20%,0,0
5703,0.10382012,10–20%,0,0
2036,0.04325637,0–10%,0,0
28950,0.22624041,20–30%,0,1
29186,0.18427446,10–20%,0,0
24318,0.23595762,20–30%,0,0
27143,0.27013752,20–30%,0,0
19421,0.15835449,10–20%,0,1
24927,0.31923667,30–40%,1,0
28202,0.12908949,10–20%,0,0
27228,0.663986,60–70%,1,1
4487,0.13600264,10–20%,0,0
8453,0.13690935,10–20%,0,1
9314,0.1548205,10–20%,0,1
18682,0.13506734,10–20%,0,1
29171,0.06200716,0–10%,0,0
28962,0.15626872,10–20%,0,0
1292,0.094782576,0–10%,0,0
12350,0.20713112,20–30%,0,0
11012,0.17839557,10–20%,0,0
22116,0.0950344,0–10%,0,0
12138,0.10552136,10–20%,0,1
12720,0.2043262,20–30%,0,0
15330,0.08130255,0–10%,0,0
5192,0.2088014,20–30%,0,0
6373,0.7345352,70–80%,1,1
15690,0.24552278,20–30%,0,0
22592,0.25191176,20–30%,0,0
11240,0.61347455,60–70%,1,0
29945,0.14565168,10–20%,0,0
29327,0.09763412,0–10%,0,0
14379,0.07852414,0–10%,0,0
20126,0.18879864,10–20%,0,0
19364,0.04404889,0–10%,0,0
16468,0.15359502,10–20%,0,0
24062,0.38953593,30–40%,1,0
24823,0.14356689,10–20%,0,0
4966,0.16181406,10–20%,0,0
26712,0.7974174,70–80%,1,0
19837,0.08122139,0–10%,0,0
22046,0.04934714,0–10%,0,0
28011,0.03102105,0–10%,0,0
4368,0.32906613,30–40%,1,1
18770,0.3454933,30–40%,1,1
1911,0.094203435,0–10%,0,0
16335,0.26772496,20–30%,0,0
9941,0.21552564,20–30%,0,0
23108,0.17030863,10–20%,0,0
28697,0.10076942,10–20%,0,0
27387,0.19063647,10–20%,0,0
5843,0.26717424,20–30%,0,0
29935,0.12016532,10–20%,0,1
19747,0.07420565,0–10%,0,0
5670,0.30182227,30–40%,1,0
1784,0.060898043,0–10%,0,0
18165,0.1405273,10–20%,0,0
2453,0.18816516,10–20%,0,0
13860,0.13513118,10–20%,0,0
1707,0.04486437,0–10%,0,0
8316,0.10174161,10–20%,0,0
13349,0.06422602,0–10%,0,0
16401,0.20620789,20–30%,0,0
27402,0.1752587,10–20%,0,0
2951,0.16924898,10–20%,0,0
113,0.07946264,0–10%,0,0
15728,0.09825134,0–10%,0,0
16818,0.1276652,10–20%,0,0
11004,0.08355192,0–10%,0,0
24075,0.84806603,80–90%,1,0
6793,0.06706362,0–10%,0,0
13933,0.07025182,0–10%,0,0
19951,0.12320437,10–20%,0,0
10614,0.19094892,10–20%,0,0
8204,0.10764165,10–20%,0,0
2731,0.06348892,0–10%,0,1
19090,0.08244765,0–10%,0,0
13619,0.24455377,20–30%,0,1
22095,0.12485631,10–20%,0,0
16009,0.18132204,10–20%,0,0
23352,0.10693455,10–20%,0,1
25843,0.044244852,0–10%,0,0
18586,0.17889664,10–20%,0,0
4884,0.45899493,40–50%,1,1
19220,0.6627315,60–70%,1,1
17076,0.79874235,70–80%,1,1
29206,0.14744076,10–20%,0,0
13272,0.20209649,20–30%,0,0
17175,0.05966663,0–10%,0,0
7606,0.09518347,0–10%,0,1
19898,0.7163608,70–80%,1,1
7197,0.093351565,0–10%,0,0
8120,0.12668583,10–20%,0,0
4769,0.7661576,70–80%,1,1
19304,0.22294417,20–30%,0,0
20716,0.10286832,10–20%,0,0
2245,0.16399273,10–20%,0,0
19013,0.1545912,10–20%,0,1
28767,0.13356173,10–20%,0,0
6201,0.09250494,0–10%,0,1
18003,0.5840218,50–60%,1,0
9137,0.07018504,0–10%,0,0
5948,0.06884016,0–10%,0,0
5615,0.01711964,0–10%,0,0
8169,0.15856093,10–20%,0,0
24625,0.086326696,0–10%,0,0
5437,0.07778165,0–10%,0,0
25753,0.19434066,10–20%,0,0
3361,0.14672585,10–20%,0,0
16321,0.16210575,10–20%,0,0
13603,0.15805785,10–20%,0,1
14507,0.07050587,0–10%,0,0
12539,0.1908447,10–20%,0,1
22792,0.08391822,0–10%,0,0
14394,0.055378396,0–10%,0,0
20869,0.15634103,10–20%,0,0
21701,0.74616265,70–80%,1,1
11151,0.70204014,70–80%,1,1
2426,0.31717637,30–40%,1,0
26379,0.31971562,30–40%,1,0
18108,0.10637715,10–20%,0,0
29690,0.07425946,0–10%,0,0
1960,0.6531777,60–70%,1,1
24919,0.27420875,20–30%,0,0
5553,0.1530302,10–20%,0,0
7297,0.053213544,0–10%,0,0
25424,0.12312638,10–20%,0,0
27351,0.16161878,10–20%,0,0
24551,0.084457316,0–10%,0,1
21504,0.1173715,10–20%,0,0
8522,0.23817924,20–30%,0,0
728,0.065898515,0–10%,0,0
16312,0.15064108,10–20%,0,0
18651,0.07936712,0–10%,0,0
885,0.11226738,10–20%,0,0
14353,0.13674675,10–20%,0,0
7715,0.1615484,10–20%,0,0
18863,0.046930827,0–10%,0,0
18659,0.22853167,20–30%,0,0
18576,0.15858454,10–20%,0,0
11648,0.23705536,20–30%,0,0
6067,0.12086153,10–20%,0,0
26550,0.14015587,10–20%,0,1
6385,0.12477097,10–20%,0,0
28443,0.076034166,0–10%,0,0
19615,0.12890345,10–20%,0,0
1260,0.061197624,0–10%,0,0
7903,0.16242346,10–20%,0,0
21240,0.73604554,70–80%,1,0
9416,0.09974895,0–10%,0,0
29933,0.38442004,30–40%,1,0
14696,0.07423804,0–10%,0,0
11755,0.09842702,0–10%,0,0
15699,0.4300736,40–50%,1,0
24348,0.04108485,0–10%,0,0
11536,0.048257418,0–10%,0,0
9663,0.11076914,10–20%,0,0
7232,0.3295329,30–40%,1,0
17207,0.78189063,70–80%,1,1
985,0.09619858,0–10%,0,1
13412,0.23057307,20–30%,0,1
577,0.16327575,10–20%,0,0
851,0.38683057,30–40%,1,0
18484,0.12074337,10–20%,0,0
11381,0.058841277,0–10%,0,1
28412,0.036510956,0–10%,0,0
4357,0.34460768,30–40%,1,0
28601,0.09849362,0–10%,0,0
7346,0.19688825,10–20%,0,0
1291,0.17392778,10–20%,0,0
9592,0.053525276,0–10%,0,0
21417,0.09810957,0–10%,0,0
7060,0.25546068,20–30%,0,0
22866,0.2874757,20–30%,0,0
6621,0.65809655,60–70%,1,1
7404,0.16371681,10–20%,0,1
12727,0.049827263,0–10%,0,0
9215,0.32782453,30–40%,1,1
15743,0.10675749,10–20%,0,0
5760,0.16206892,10–20%,0,0
22214,0.093378395,0–10%,0,0
22072,0.10521132,10–20%,0,0
24597,0.05801735,0–10%,0,0
8872,0.0288681,0–10%,0,0
1352,0.204979,20–30%,0,0
28171,0.10483244,10–20%,0,0
8356,0.16423982,10–20%,0,0
6734,0.04025009,0–10%,0,0
11045,0.11653073,10–20%,0,0
3202,0.13427863,10–20%,0,0
23433,0.10625356,10–20%,0,0
14622,0.059486356,0–10%,0,0
18094,0.8472535,80–90%,1,1
714,0.15525112,10–20%,0,0
26118,0.06594428,0–10%,0,0
5823,0.18808837,10–20%,0,0
15311,0.1609765,10–20%,0,0
14834,0.04071403,0–10%,0,0
22328,0.08160093,0–10%,0,0
26829,0.13620138,10–20%,0,1
27834,0.06686134,0–10%,0,0
18462,0.2053607,20–30%,0,0
23562,0.11359882,10–20%,0,1
29615,0.32886022,30–40%,1,1
18393,0.72250074,70–80%,1,1
22285,0.5861136,50–60%,1,1
25528,0.11253082,10–20%,0,0
10467,0.7504195,70–80%,1,0
29226,0.24351928,20–30%,0,0
22988,0.028647693,0–10%,0,0
27962,0.38729453,30–40%,1,0
2604,0.13394378,10–20%,0,0
23041,0.06114814,0–10%,0,0
25816,0.17360097,10–20%,0,0
18391,0.06558162,0–10%,0,0
16424,0.12645851,10–20%,0,0
24923,0.02512436,0–10%,0,0
17848,0.11128101,10–20%,0,0
571,0.13921256,10–20%,0,0
6736,0.1565805,10–20%,0,0
20516,0.018317,0–10%,0,0
20644,0.35889265,30–40%,1,1
8566,0.07841513,0–10%,0,0
17252,0.6221837,60–70%,1,0
25698,0.06587689,0–10%,0,0
28219,0.17712778,10–20%,0,0
4331,0.08448742,0–10%,0,0
5945,0.087430194,0–10%,0,0
2706,0.6298712,60–70%,1,1
2253,0.21588987,20–30%,0,0
28268,0.33116835,30–40%,1,0
21149,0.12507576,10–20%,0,0
10984,0.086701535,0–10%,0,0
16490,0.38986966,30–40%,1,1
29570,0.83425224,80–90%,1,1
15212,0.3220746,30–40%,1,1
19240,0.059030008,0–10%,0,0
13209,0.30038157,30–40%,1,1
11817,0.7137013,70–80%,1,0
10590,0.19527979,10–20%,0,0
24922,0.04945865,0–10%,0,0
12154,0.58478975,50–60%,1,0
163,0.11980788,10–20%,0,0
243,0.35473186,30–40%,1,0
28089,0.14948703,10–20%,0,0
28589,0.04203784,0–10%,0,0
23238,0.14931324,10–20%,0,0
18164,0.090409964,0–10%,0,1
10475,0.15626325,10–20%,0,0
10695,0.7815345,70–80%,1,1
12634,0.038857922,0–10%,0,0
7333,0.14478746,10–20%,0,0
24885,0.19599482,10–20%,0,0
1458,0.10211997,10–20%,0,1
263,0.100325614,10–20%,0,0
2522,0.11021971,10–20%,0,0
29577,0.15168302,10–20%,0,1
23186,0.16959102,10–20%,0,1
29139,0.10871728,10–20%,0,0
5887,0.045664832,0–10%,0,0
20708,0.07884592,0–10%,0,0
7934,0.2329332,20–30%,0,1
16294,0.39444324,30–40%,1,1
28083,0.11433639,10–20%,0,0
27202,0.11639683,10–20%,0,0
27784,0.061732985,0–10%,0,0
12563,0.070299365,0–10%,0,0
7890,0.050431617,0–10%,0,0
9836,0.10350283,10–20%,0,0
19209,0.22042082,20–30%,0,0
14801,0.34373224,30–40%,1,0
15573,0.24226283,20–30%,0,0
19280,0.23726842,20–30%,0,0
29649,0.06485342,0–10%,0,0
1795,0.35926127,30–40%,1,0
6068,0.12421308,10–20%,0,0
3818,0.32248345,30–40%,1,0
24681,0.019449836,0–10%,0,0
18683,0.1911666,10–20%,0,0
15308,0.5252415,50–60%,1,0
2997,0.16258588,10–20%,0,0
11204,0.49492252,40–50%,1,0
6335,0.047947384,0–10%,0,0
10355,0.09656698,0–10%,0,0
1037,0.131776,10–20%,0,1
2563,0.18560605,10–20%,0,0
29530,0.1889246,10–20%,0,0
24641,0.108412705,10–20%,0,0
3405,0.0459018,0–10%,0,0
8292,0.19874422,10–20%,0,1
17023,0.16923757,10–20%,0,1
14975,0.21339266,20–30%,0,1
17375,0.28948006,20–30%,0,0
7773,0.17154035,10–20%,0,0
8100,0.1054079,10–20%,0,0
7802,0.77996844,70–80%,1,1
5576,0.17037642,10–20%,0,1
27843,0.3293316,30–40%,1,0
15452,0.1312302,10–20%,0,0
26609,0.44361046,40–50%,1,1
8180,0.122435376,10–20%,0,1
17649,0.8522408,80–90%,1,1
20853,0.15782255,10–20%,0,0
33,0.037360065,0–10%,0,0
22557,0.17722046,10–20%,0,0
10305,0.1231236,10–20%,0,0
12997,0.60898894,60–70%,1,1
11059,0.42372844,40–50%,1,0
27782,0.1375065,10–20%,0,0
13786,0.064009085,0–10%,0,0
10935,0.18018566,10–20%,0,0
8496,0.25038385,20–30%,0,0
15593,0.7775746,70–80%,1,1
26659,0.3097234,30–40%,1,0
18363,0.0772309,0–10%,0,0
23937,0.057370808,0–10%,0,0
3633,0.123960584,10–20%,0,1
12950,0.19456677,10–20%,0,0
15794,0.15501924,10–20%,0,0
25744,0.13475192,10–20%,0,0
4815,0.15432765,10–20%,0,0
29549,0.06615954,0–10%,0,0
7171,0.09784656,0–10%,0,0
20248,0.62740135,60–70%,1,1
543,0.10346659,10–20%,0,0
24121,0.10103373,10–20%,0,0
10414,0.3714218,30–40%,1,0
9154,0.014212803,0–10%,0,0
10046,0.15784888,10–20%,0,1
3003,0.68776876,60–70%,1,1
29467,0.081036136,0–10%,0,0
14924,0.049657207,0–10%,0,0
21630,0.17458764,10–20%,0,0
29982,0.17305887,10–20%,0,1
21475,0.041765448,0–10%,0,0
23858,0.09963581,0–10%,0,0
15799,0.2750543,20–30%,0,0
21273,0.7834114,70–80%,1,1
27885,0.09183818,0–10%,0,1
13029,0.38378885,30–40%,1,1
7341,0.18319435,10–20%,0,0
26874,0.051496096,0–10%,0,0
2610,0.04104927,0–10%,0,0
4165,0.36917755,30–40%,1,1
19433,0.3228683,30–40%,1,1
18803,0.042252712,0–10%,0,0
19741,0.06006764,0–10%,0,0
21493,0.09473257,0–10%,0,1
20994,0.13788752,10–20%,0,0
16795,0.04455097,0–10%,0,0
4477,0.095374025,0–10%,0,0
29428,0.13678287,10–20%,0,0
24773,0.162559,10–20%,0,0
9306,0.22363587,20–30%,0,0
9449,0.18076752,10–20%,0,1
25071,0.64434624,60–70%,1,0
14727,0.13590127,10–20%,0,1
29399,0.10365735,10–20%,0,0
12633,0.15053289,10–20%,0,0
27527,0.10729848,10–20%,0,1
6450,0.11779953,10–20%,0,0
14537,0.18730775,10–20%,0,1
12990,0.4910363,40–50%,1,1
22938,0.12775595,10–20%,0,0
1521,0.7938815,70–80%,1,0
6489,0.15912075,10–20%,0,1
8317,0.15124117,10–20%,0,0
15253,0.038192935,0–10%,0,0
16276,0.031551763,0–10%,0,1
10827,0.33791962,30–40%,1,0
17626,0.16910756,10–20%,0,0
7187,0.54614025,50–60%,1,0
17693,0.530638,50–60%,1,0
27643,0.5896964,50–60%,1,1
22226,0.09565258,0–10%,0,0
26856,0.3271154,30–40%,1,1
29916,0.048734237,0–10%,0,0
5804,0.11105901,10–20%,0,0
20467,0.17170495,10–20%,0,0
23993,0.3102274,30–40%,1,0
19990,0.14740716,10–20%,0,0
1109,0.35124016,30–40%,1,0
10342,0.12544534,10–20%,0,0
23339,0.57026356,50–60%,1,1
23683,0.06139596,0–10%,0,0
14088,0.1419574,10–20%,0,0
8434,0.13486078,10–20%,0,0
11098,0.67930686,60–70%,1,0
9464,0.10848632,10–20%,0,0
22833,0.0844205,0–10%,0,0
2481,0.06260291,0–10%,0,0
24708,0.7287721,70–80%,1,0
15945,0.053822044,0–10%,0,0
13099,0.112537734,10–20%,0,0
19060,0.17138408,10–20%,0,1
26162,0.053068392,0–10%,0,0
9157,0.04577947,0–10%,0,0
20344,0.06537743,0–10%,0,0
12871,0.11775672,10–20%,0,0
2562,0.86122936,80–90%,1,1
6495,0.050703738,0–10%,0,0
8064,0.20569867,20–30%,0,0
1933,0.24287052,20–30%,0,0
24848,0.05756476,0–10%,0,0
5015,0.15334152,10–20%,0,0
15519,0.14533798,10–20%,0,0
24092,0.76569325,70–80%,1,0
17987,0.05624494,0–10%,0,0
9801,0.0650097,0–10%,0,1
28123,0.20260534,20–30%,0,1
23471,0.39303565,30–40%,1,0
22589,0.04706204,0–10%,0,0
18633,0.05486936,0–10%,0,0
24002,0.04066309,0–10%,0,0
20089,0.29183877,20–30%,0,0
9446,0.21299762,20–30%,0,0
63,0.1799706,10–20%,0,1
9251,0.3567532,30–40%,1,0
15066,0.11616328,10–20%,0,0
19604,0.31705874,30–40%,1,0
29346,0.05501745,0–10%,0,0
25993,0.25900912,20–30%,0,0
2432,0.7223042,70–80%,1,1
14279,0.13622591,10–20%,0,1
25536,0.32270518,30–40%,1,0
29413,0.42042387,40–50%,1,1
10621,0.11224695,10–20%,0,0
13399,0.29538175,20–30%,0,1
26329,0.13566004,10–20%,0,0
6942,0.43451503,40–50%,1,1
13411,0.08067494,0–10%,0,0
13538,0.17987931,10–20%,0,0
22529,0.33497435,30–40%,1,0
29634,0.071813814,0–10%,0,0
18819,0.09488343,0–10%,0,0
262,0.122796185,10–20%,0,0
1396,0.46706983,40–50%,1,1
15980,0.45317167,40–50%,1,0
21631,0.054240387,0–10%,0,0
25836,0.05400456,0–10%,0,0
27580,0.71173584,70–80%,1,1
3576,0.04955747,0–10%,0,0
17102,0.21379109,20–30%,0,0
26811,0.2304016,20–30%,0,0
5795,0.11112611,10–20%,0,0
28114,0.09444057,0–10%,0,0
16841,0.14443903,10–20%,0,0
4682,0.22554615,20–30%,0,0
22366,0.15628986,10–20%,0,0
5056,0.7550785,70–80%,1,1
19355,0.03132712,0–10%,0,0
8833,0.52993697,50–60%,1,0
7471,0.102681495,10–20%,0,0
5624,0.100930035,10–20%,0,0
15122,0.13977003,10–20%,0,0
696,0.12253164,10–20%,0,0
22729,0.36866638,30–40%,1,0
12178,0.057664108,0–10%,0,0
12843,0.16695322,10–20%,0,0
12772,0.61138135,60–70%,1,1
4659,0.8029974,80–90%,1,1
260,0.013727851,0–10%,0,0
27636,0.31666398,30–40%,1,0
13125,0.34388313,30–40%,1,0
17603,0.08022004,0–10%,0,0
17318,0.58519495,50–60%,1,0
27536,0.92604005,90–100%,1,1
8272,0.18276353,10–20%,0,0
15697,0.10392465,10–20%,0,0
29540,0.22452661,20–30%,0,1
25431,0.06644491,0–10%,0,0
1035,0.5017449,50–60%,1,1
12027,0.068618126,0–10%,0,0
15102,0.31282368,30–40%,1,0
7660,0.69808763,60–70%,1,1
18283,0.14480397,10–20%,0,0
9218,0.23330705,20–30%,0,1
28617,0.10822588,10–20%,0,0
20170,0.107036225,10–20%,0,1
28690,0.12739883,10–20%,0,0
17426,0.28740883,20–30%,0,0
18315,0.06507229,0–10%,0,0
2711,0.30932513,30–40%,1,0
1753,0.11333455,10–20%,0,0
8091,0.33598197,30–40%,1,0
13433,0.15955573,10–20%,0,0
25155,0.6139532,60–70%,1,0
18409,0.6878365,60–70%,1,1
7974,0.13778982,10–20%,0,0
2443,0.33948433,30–40%,1,0
25240,0.07732165,0–10%,0,0
13533,0.19169018,10–20%,0,0
16689,0.81941605,80–90%,1,1
4556,0.34055316,30–40%,1,0
3370,0.13870941,10–20%,0,1
24449,0.4813726,40–50%,1,0
5391,0.08205712,0–10%,0,0
21145,0.11283619,10–20%,0,0
18025,0.21834685,20–30%,0,0
15041,0.12443436,10–20%,0,0
8046,0.8007471,80–90%,1,0
13006,0.22680123,20–30%,0,0
8048,0.690467,60–70%,1,1
15375,0.08780692,0–10%,0,0
16069,0.14157064,10–20%,0,0
18965,0.064196825,0–10%,0,0
22399,0.10125563,10–20%,0,0
14417,0.05235957,0–10%,0,0
13113,0.13528238,10–20%,0,0
20465,0.23536605,20–30%,0,0
10285,0.016069893,0–10%,0,0
8648,0.09454348,0–10%,0,0
2353,0.07917712,0–10%,0,0
4348,0.24164523,20–30%,0,0
17597,0.123320475,10–20%,0,0
3073,0.1326804,10–20%,0,1
9035,0.13680513,10–20%,0,0
18949,0.047238067,0–10%,0,0
18274,0.21731474,20–30%,0,0
22803,0.0673824,0–10%,0,0
6803,0.24626964,20–30%,0,0
9936,0.19234195,10–20%,0,0
21883,0.10813071,10–20%,0,0
4657,0.14892955,10–20%,0,0
9563,0.111560725,10–20%,0,0
7058,0.06712472,0–10%,0,0
26538,0.23972602,20–30%,0,0
28806,0.22838016,20–30%,0,1
9135,0.16454689,10–20%,0,0
7072,0.060968075,0–10%,0,0
29008,0.07403212,0–10%,0,0
24694,0.109417886,10–20%,0,0
5591,0.2062889,20–30%,0,0
16256,0.12539732,10–20%,0,0
19029,0.6617196,60–70%,1,1
3807,0.09500481,0–10%,0,0
6525,0.061742917,0–10%,0,0
5750,0.89277875,80–90%,1,1
27422,0.08150772,0–10%,0,0
6655,0.049323782,0–10%,0,0
23995,0.46605894,40–50%,1,0
6729,0.5629938,50–60%,1,1
22841,0.09226153,0–10%,0,0
20131,0.078291364,0–10%,0,0
2268,0.80438423,80–90%,1,1
24197,0.7911402,70–80%,1,1
19354,0.19227695,10–20%,0,1
15296,0.09542285,0–10%,0,0
12548,0.1472072,10–20%,0,0
11058,0.06304501,0–10%,0,0
22385,0.091453075,0–10%,0,1
19416,0.2313217,20–30%,0,1
17165,0.1347712,10–20%,0,0
10901,0.08511456,0–10%,0,0
15909,0.5596076,50–60%,1,0
14807,0.41421443,40–50%,1,0
28628,0.103657775,10–20%,0,0
16830,0.18309613,10–20%,0,0
11039,0.38503426,30–40%,1,0
28070,0.10274456,10–20%,0,0
8783,0.23830634,20–30%,0,0
9541,0.25797364,20–30%,0,0
26171,0.13423416,10–20%,0,0
11266,0.7525795,70–80%,1,1
3988,0.14758158,10–20%,0,0
8004,0.10123622,10–20%,0,1
1949,0.07594392,0–10%,0,0
22112,0.13681239,10–20%,0,0
13504,0.25782558,20–30%,0,1
969,0.10050211,10–20%,0,0
1205,0.07133327,0–10%,0,1
10932,0.3744562,30–40%,1,0
13625,0.051472846,0–10%,0,0
21611,0.3249444,30–40%,1,0
6306,0.030594155,0–10%,0,0
4324,0.397691,30–40%,1,0
6834,0.15096179,10–20%,0,0
4557,0.11654659,10–20%,0,0
15906,0.05754476,0–10%,0,0
17166,0.12250204,10–20%,0,0
22333,0.04845983,0–10%,0,0
2758,0.17130907,10–20%,0,0
7067,0.7009374,70–80%,1,0
23098,0.044381574,0–10%,0,0
8675,0.032432456,0–10%,0,0
23656,0.28693515,20–30%,0,0
14204,0.30248263,30–40%,1,1
21529,0.12938872,10–20%,0,0
28988,0.37073797,30–40%,1,1
24401,0.13205586,10–20%,0,0
21011,0.12075925,10–20%,0,0
2454,0.039409228,0–10%,0,0
799,0.069022514,0–10%,0,0
10878,0.4752357,40–50%,1,0
7400,0.1369423,10–20%,0,0
29259,0.111801036,10–20%,0,0
13656,0.15862569,10–20%,0,0
23278,0.14837839,10–20%,0,0
15882,0.1410667,10–20%,0,0
11463,0.13063316,10–20%,0,0
9497,0.04551354,0–10%,0,0
2386,0.16510643,10–20%,0,0
13171,0.055864073,0–10%,0,0
19877,0.17498021,10–20%,0,0
23690,0.19285244,10–20%,0,0
2701,0.1795298,10–20%,0,0
17681,0.18871742,10–20%,0,1
17569,0.6680247,60–70%,1,1
24198,0.3394278,30–40%,1,0
29287,0.30084762,30–40%,1,0
21708,0.66575503,60–70%,1,0
18929,0.06326253,0–10%,0,0
8148,0.3815304,30–40%,1,1
3064,0.047527086,0–10%,0,0
29176,0.8133515,80–90%,1,1
29977,0.039161783,0–10%,0,0
6337,0.5567241,50–60%,1,0
26304,0.040508647,0–10%,0,0
25588,0.0965533,0–10%,0,0
26367,0.16995353,10–20%,0,1
10257,0.052849025,0–10%,0,0
3112,0.03994138,0–10%,0,0
23145,0.08320664,0–10%,0,0
4392,0.20862721,20–30%,0,0
15352,0.36247343,30–40%,1,0
8061,0.13560627,10–20%,0,0
29985,0.2300161,20–30%,0,0
18699,0.07877236,0–10%,0,0
8432,0.20519945,20–30%,0,0
5676,0.16340056,10–20%,0,0
2430,0.2680762,20–30%,0,1
27144,0.02968124,0–10%,0,0
10487,0.07287013,0–10%,0,1
21106,0.1120906,10–20%,0,0
27330,0.07975781,0–10%,0,0
3582,0.048674,0–10%,0,0
10051,0.14618184,10–20%,0,0
27995,0.073304,0–10%,0,0
27979,0.20728596,20–30%,0,0
6858,0.13697648,10–20%,0,0
29319,0.0644408,0–10%,0,0
26420,0.09937667,0–10%,0,1
12716,0.08315954,0–10%,0,0
11328,0.06623107,0–10%,0,0
27180,0.10564075,10–20%,0,0
9531,0.27050313,20–30%,0,1
29842,0.039631616,0–10%,0,0
23483,0.15244192,10–20%,0,0
26931,0.07889611,0–10%,0,0
3862,0.07575906,0–10%,0,0
28590,0.27506503,20–30%,0,1
10545,0.37728897,30–40%,1,0
1077,0.035891876,0–10%,0,0
6198,0.37730655,30–40%,1,0
17620,0.10420545,10–20%,0,0
28538,0.08205933,0–10%,0,0
26454,0.7920908,70–80%,1,1
28234,0.09962271,0–10%,0,0
1235,0.12519005,10–20%,0,1
23629,0.08963176,0–10%,0,0
13497,0.25924668,20–30%,0,1
18950,0.36656106,30–40%,1,1
24090,0.05694754,0–10%,0,0
249,0.15302484,10–20%,0,0
18434,0.0666128,0–10%,0,0
4830,0.09828722,0–10%,0,0
1972,0.07095363,0–10%,0,0
25863,0.12087747,10–20%,0,0
12567,0.09171266,0–10%,0,0
11753,0.0538882,0–10%,0,0
27506,0.13262106,10–20%,0,1
14401,0.39505902,30–40%,1,0
26806,0.02622682,0–10%,0,0
29029,0.071839854,0–10%,0,0
20240,0.19116138,10–20%,0,0
25181,0.20149016,20–30%,0,0
14971,0.35560778,30–40%,1,1
8354,0.09616557,0–10%,0,0
6411,0.33703145,30–40%,1,0
8118,0.19285305,10–20%,0,1
26259,0.47303703,40–50%,1,0
27822,0.1287048,10–20%,0,0
16249,0.19156359,10–20%,0,0
4813,0.07225045,0–10%,0,0
14748,0.13520513,10–20%,0,0
24389,0.08963158,0–10%,0,0
17085,0.5053578,50–60%,1,1
28691,0.03519303,0–10%,0,0
5327,0.066505276,0–10%,0,0
2090,0.38054162,30–40%,1,0
25507,0.102040984,10–20%,0,0
15180,0.6258403,60–70%,1,1
5414,0.09051258,0–10%,0,0
23599,0.08931631,0–10%,0,0
17774,0.7627734,70–80%,1,1
2243,0.6669774,60–70%,1,1
2457,0.61150086,60–70%,1,0
28426,0.5642339,50–60%,1,0
2395,0.106462926,10–20%,0,0
3946,0.18466902,10–20%,0,0
28313,0.1937278,10–20%,0,0
9426,0.1525202,10–20%,0,0
17737,0.40772662,40–50%,1,1
22634,0.1318715,10–20%,0,0
5893,0.10875228,10–20%,0,0
8982,0.084274195,0–10%,0,0
25152,0.12158615,10–20%,0,0
354,0.7229031,70–80%,1,0
14884,0.32848212,30–40%,1,1
6118,0.13842031,10–20%,0,0
6425,0.09900999,0–10%,0,0
25912,0.66832244,60–70%,1,0
2444,0.2340998,20–30%,0,0
2686,0.03546911,0–10%,0,0
18319,0.10070428,10–20%,0,0
13174,0.10059879,10–20%,0,0
25450,0.1399142,10–20%,0,0
24359,0.70135766,70–80%,1,1
19814,0.7951491,70–80%,1,1
29562,0.07044866,0–10%,0,0
11852,0.30391333,30–40%,1,0
10956,0.21480657,20–30%,0,0
28237,0.04506417,0–10%,0,0
8090,0.57979065,50–60%,1,1
26865,0.6994093,60–70%,1,1
3197,0.17352045,10–20%,0,0
6243,0.26938054,20–30%,0,0
15270,0.14273578,10–20%,0,1
15084,0.18567817,10–20%,0,1
17461,0.14972441,10–20%,0,1
28710,0.13513917,10–20%,0,0
14864,0.32531017,30–40%,1,1
10432,0.28345114,20–30%,0,1
13129,0.22108701,20–30%,0,0
29651,0.572781,50–60%,1,1
253,0.058581688,0–10%,0,0
6493,0.5486265,50–60%,1,0
15702,0.09027056,0–10%,0,0
15897,0.14245027,10–20%,0,0
27925,0.6470308,60–70%,1,0
16909,0.16283493,10–20%,0,0
24162,0.14223358,10–20%,0,0
20385,0.39834836,30–40%,1,0
29094,0.21782517,20–30%,0,0
2907,0.23278813,20–30%,0,1
20486,0.12028447,10–20%,0,0
16129,0.14992106,10–20%,0,0
16195,0.042912524,0–10%,0,1
26719,0.5494728,50–60%,1,1
1675,0.20006739,20–30%,0,1
21366,0.087187484,0–10%,0,0
23824,0.15535715,10–20%,0,0
27464,0.14687727,10–20%,0,0
28796,0.23457667,20–30%,0,1
7143,0.246053,20–30%,0,1
25598,0.1432654,10–20%,0,0
8642,0.03698541,0–10%,0,0
7542,0.25382572,20–30%,0,1
15284,0.061796203,0–10%,0,0
2618,0.05904753,0–10%,0,0
18674,0.068175115,0–10%,0,0
24721,0.21191841,20–30%,0,0
18022,0.15943423,10–20%,0,1
17931,0.6086611,60–70%,1,1
7778,0.07484956,0–10%,0,0
9641,0.047254972,0–10%,0,0
25137,0.3266703,30–40%,1,0
10237,0.35197118,30–40%,1,0
4603,0.032638248,0–10%,0,0
14584,0.119386755,10–20%,0,0
20606,0.10075651,10–20%,0,0
1437,0.10058035,10–20%,0,0
15117,0.7355272,70–80%,1,0
16250,0.29780194,20–30%,0,0
8662,0.060135722,0–10%,0,0
21387,0.37407553,30–40%,1,0
6155,0.27117273,20–30%,0,1
1932,0.07626471,0–10%,0,0
9504,0.075605966,0–10%,0,0
8044,0.1017035,10–20%,0,0
21407,0.15347047,10–20%,0,0
19277,0.20816134,20–30%,0,0
13720,0.15544118,10–20%,0,1
27623,0.7460379,70–80%,1,1
192,0.11807366,10–20%,0,0
18480,0.03750122,0–10%,0,0
21245,0.08715766,0–10%,0,0
26526,0.237719,20–30%,0,0
10439,0.32732567,30–40%,1,1
14936,0.118140355,10–20%,0,1
8565,0.080251835,0–10%,0,0
28445,0.107055984,10–20%,0,0
19119,0.08879648,0–10%,0,0
4276,0.11063949,10–20%,0,0
18445,0.06820709,0–10%,0,0
19485,0.70706344,70–80%,1,1
14125,0.043122917,0–10%,0,0
28271,0.0864719,0–10%,0,0
12785,0.1186533,10–20%,0,0
12627,0.22137307,20–30%,0,1
8310,0.047843315,0–10%,0,0
18081,0.48483953,40–50%,1,0
22241,0.14912184,10–20%,0,0
19546,0.15333118,10–20%,0,0
10658,0.31748787,30–40%,1,0
24660,0.22129855,20–30%,0,0
24652,0.10799913,10–20%,0,0
14691,0.81244975,80–90%,1,1
5722,0.1334696,10–20%,0,0
19920,0.16379441,10–20%,0,0
14220,0.8080457,80–90%,1,1
19297,0.2756458,20–30%,0,1
26447,0.1240418,10–20%,0,0
19454,0.106752686,10–20%,0,0
6738,0.3652735,30–40%,1,1
3852,0.26939872,20–30%,0,1
10516,0.10835739,10–20%,0,0
5261,0.14247727,10–20%,0,0
28641,0.5601725,50–60%,1,1
22080,0.7527708,70–80%,1,1
338,0.1444852,10–20%,0,1
17119,0.039976373,0–10%,0,0
4799,0.20528908,20–30%,0,0
23183,0.101877,10–20%,0,0
10254,0.20560458,20–30%,0,1
1492,0.614847,60–70%,1,0
3487,0.20756163,20–30%,0,0
4969,0.10595272,10–20%,0,0
5052,0.07968644,0–10%,0,0
7374,0.1448388,10–20%,0,1
11971,0.37947962,30–40%,1,1
20086,0.17168152,10–20%,0,0
11499,0.21502845,20–30%,0,0
16283,0.06877706,0–10%,0,0
24223,0.022956949,0–10%,0,0
4775,0.11208944,10–20%,0,0
10160,0.07744513,0–10%,0,0
11757,0.34824196,30–40%,1,0
24503,0.11991707,10–20%,0,0
2237,0.057396013,0–10%,0,0
20766,0.18465675,10–20%,0,0
18290,0.19132914,10–20%,0,0
1087,0.301936,30–40%,1,0
17295,0.061292067,0–10%,0,0
12214,0.3281557,30–40%,1,0
5036,0.281546,20–30%,0,0
10094,0.123309396,10–20%,0,0
248,0.07020714,0–10%,0,0
9371,0.102842584,10–20%,0,0
17927,0.38868365,30–40%,1,0
16508,0.21760929,20–30%,0,0
11025,0.06728203,0–10%,0,0
21286,0.31933174,30–40%,1,0
26893,0.14272453,10–20%,0,0
6515,0.17300846,10–20%,0,1
22261,0.3326049,30–40%,1,0
7153,0.21014664,20–30%,0,0
22757,0.06772249,0–10%,0,0
2200,0.47559696,40–50%,1,1
15367,0.46428344,40–50%,1,0
7866,0.04682994,0–10%,0,0
5956,0.053320773,0–10%,0,0
12786,0.03050138,0–10%,0,0
27785,0.015454191,0–10%,0,0
29900,0.21433099,20–30%,0,1
8295,0.8062603,80–90%,1,1
27264,0.2525539,20–30%,0,0
8536,0.043094043,0–10%,0,0
15423,0.28809723,20–30%,0,0
29316,0.31650022,30–40%,1,0
2866,0.09211673,0–10%,0,0
7319,0.4525876,40–50%,1,1
4277,0.1514661,10–20%,0,1
25481,0.038466457,0–10%,0,0
9333,0.027373943,0–10%,0,0
9721,0.12836497,10–20%,0,1
27649,0.083516985,0–10%,0,0
7420,0.18244831,10–20%,0,0
27017,0.10368792,10–20%,0,0
15016,0.46845978,40–50%,1,0
11998,0.11690426,10–20%,0,0
5786,0.8516557,80–90%,1,1
17242,0.16623947,10–20%,0,0
23939,0.32182625,30–40%,1,1
13132,0.23814084,20–30%,0,0
6315,0.3896059,30–40%,1,1
22875,0.10934819,10–20%,0,0
12984,0.17665225,10–20%,0,0
19522,0.6959125,60–70%,1,1
1486,0.024623582,0–10%,0,0
20750,0.22969529,20–30%,0,0
2901,0.41138268,40–50%,1,0
3757,0.20163597,20–30%,0,1
691,0.38318536,30–40%,1,0
1837,0.10252034,10–20%,0,1
14890,0.12740818,10–20%,0,0
13034,0.085374415,0–10%,0,0
24975,0.16850734,10–20%,0,0
25940,0.06988217,0–10%,0,0
11402,0.10533117,10–20%,0,0
7840,0.107298985,10–20%,0,0
16344,0.2834645,20–30%,0,0
6386,0.74007314,70–80%,1,1
10507,0.34658206,30–40%,1,1
25298,0.69410646,60–70%,1,1
17635,0.07499326,0–10%,0,0
21046,0.36987534,30–40%,1,1
15641,0.08780037,0–10%,0,0
23495,0.3141458,30–40%,1,1
17304,0.5511176,50–60%,1,1
13811,0.1741691,10–20%,0,0
4204,0.17568876,10–20%,0,0
29532,0.084563084,0–10%,0,0
23563,0.0608178,0–10%,0,0
28832,0.13191375,10–20%,0,0
19579,0.13779381,10–20%,0,0
28814,0.24561569,20–30%,0,0
4821,0.19582787,10–20%,0,0
4084,0.4284322,40–50%,1,0
23159,0.10703923,10–20%,0,0
21326,0.16206902,10–20%,0,1
26395,0.05008462,0–10%,0,0
22448,0.19671662,10–20%,0,0
27953,0.12144421,10–20%,0,0
11794,0.37340423,30–40%,1,1
18059,0.077271625,0–10%,0,0
2003,0.6440613,60–70%,1,1
24546,0.12718476,10–20%,0,0
25740,0.027556842,0–10%,0,0
7284,0.3030127,30–40%,1,0
25619,0.34588775,30–40%,1,1
26145,0.10763316,10–20%,0,0
29993,0.06837575,0–10%,0,0
15228,0.511947,50–60%,1,0
2314,0.08964881,0–10%,0,0
21915,0.28424615,20–30%,0,0
25793,0.0802,0–10%,0,0
24235,0.1490483,10–20%,0,0
26625,0.07672433,0–10%,0,0
7255,0.06458024,0–10%,0,0
24437,0.09138927,0–10%,0,0
19350,0.65258914,60–70%,1,1
7589,0.68022543,60–70%,1,0
27449,0.20383964,20–30%,0,0
22311,0.098735094,0–10%,0,0
21988,0.07266363,0–10%,0,0
16460,0.1262202,10–20%,0,0
8214,0.26471928,20–30%,0,0
26408,0.17725144,10–20%,0,1
3663,0.7963491,70–80%,1,1
12194,0.26507792,20–30%,0,1
7418,0.15155727,10–20%,0,0
13414,0.17261247,10–20%,0,0
14707,0.4429265,40–50%,1,1
25673,0.09211731,0–10%,0,0
14137,0.06074684,0–10%,0,0
17110,0.21230562,20–30%,0,0
22820,0.0699351,0–10%,0,0
25260,0.4015671,40–50%,1,0
501,0.52099174,50–60%,1,0
15166,0.08702074,0–10%,0,0
12741,0.10381365,10–20%,0,0
23607,0.68314,60–70%,1,1
28369,0.1002172,10–20%,0,0
21199,0.15551583,10–20%,0,0
25151,0.045074586,0–10%,0,0
12492,0.2183796,20–30%,0,0
1614,0.13366841,10–20%,0,0
4891,0.104095176,10–20%,0,0
22900,0.8278546,80–90%,1,1
26735,0.10630073,10–20%,0,0
18197,0.090624996,0–10%,0,0
1527,0.11445723,10–20%,0,0
2418,0.22123607,20–30%,0,0
14049,0.2528465,20–30%,0,1
29545,0.14890511,10–20%,0,1
25344,0.13190797,10–20%,0,0
13956,0.3967411,30–40%,1,1
3117,0.10853899,10–20%,0,0
15393,0.1371819,10–20%,0,0
14346,0.028542532,0–10%,0,0
15085,0.05876012,0–10%,0,0
27764,0.100292824,10–20%,0,0
8616,0.16775206,10–20%,0,1
15348,0.15359826,10–20%,0,0
14690,0.1518105,10–20%,0,1
21904,0.09993354,0–10%,0,0
25832,0.09669003,0–10%,0,0
19573,0.19576949,10–20%,0,0
27675,0.65757513,60–70%,1,0
7517,0.14481084,10–20%,0,0
250,0.3584216,30–40%,1,0
932,0.41229954,40–50%,1,1
7592,0.15527318,10–20%,0,0
24825,0.03988744,0–10%,0,0
20611,0.113559484,10–20%,0,1
19018,0.15177372,10–20%,0,0
23286,0.3640186,30–40%,1,0
15764,0.17056525,10–20%,0,0
2503,0.20367648,20–30%,0,1
4208,0.7319759,70–80%,1,0
28561,0.03115456,0–10%,0,0
8638,0.10487248,10–20%,0,0
8301,0.16195725,10–20%,0,0
8220,0.057188533,0–10%,0,0
29072,0.119025625,10–20%,0,0
25413,0.17626935,10–20%,0,1
12528,0.09956157,0–10%,0,0
21503,0.094264925,0–10%,0,0
178,0.19468422,10–20%,0,0
17410,0.17743093,10–20%,0,0
28908,0.08814625,0–10%,0,1
28770,0.32846746,30–40%,1,1
2254,0.15072256,10–20%,0,0
7412,0.31750217,30–40%,1,0
4359,0.22110853,20–30%,0,0
7928,0.12674882,10–20%,0,1
11937,0.2397146,20–30%,0,1
11178,0.1281043,10–20%,0,0
24010,0.12426018,10–20%,0,0
706,0.35828376,30–40%,1,0
23005,0.7735366,70–80%,1,1
13266,0.11663319,10–20%,0,1
17807,0.2384942,20–30%,0,0
6582,0.74411726,70–80%,1,1
16393,0.1120955,10–20%,0,0
1217,0.07894433,0–10%,0,0
15618,0.1595321,10–20%,0,1
21023,0.14243186,10–20%,0,1
20833,0.45356116,40–50%,1,1
20797,0.71735835,70–80%,1,1
21887,0.047587957,0–10%,0,0
29944,0.6668228,60–70%,1,1
5062,0.14866841,10–20%,0,0
13260,0.25274876,20–30%,0,0
28886,0.21286073,20–30%,0,0
17454,0.114836805,10–20%,0,0
23024,0.11850507,10–20%,0,0
3837,0.166701,10–20%,0,0
4745,0.5191634,50–60%,1,0
18136,0.19991358,10–20%,0,0
2465,0.7444463,70–80%,1,1
9210,0.18396498,10–20%,0,1
27042,0.12725684,10–20%,0,0
9634,0.17679358,10–20%,0,0
22979,0.107463956,10–20%,0,0
28608,0.14471357,10–20%,0,0
6215,0.43068987,40–50%,1,0
3253,0.5282233,50–60%,1,1
27516,0.23107769,20–30%,0,0
26028,0.032742295,0–10%,0,0
629,0.07574973,0–10%,0,0
14161,0.37640992,30–40%,1,1
14369,0.12173536,10–20%,0,0
19794,0.09985833,0–10%,0,0
23461,0.053640906,0–10%,0,0
15586,0.11743143,10–20%,0,0
4792,0.14234982,10–20%,0,0
13503,0.17258886,10–20%,0,1
23169,0.7168316,70–80%,1,0
24169,0.09745373,0–10%,0,0
18813,0.15118562,10–20%,0,0
11049,0.79128677,70–80%,1,0
22547,0.19330996,10–20%,0,1
12955,0.87295693,80–90%,1,1
16429,0.11730992,10–20%,0,0
24391,0.12002069,10–20%,0,0
4057,0.22947642,20–30%,0,0
29190,0.16765161,10–20%,0,0
1125,0.22216617,20–30%,0,0
11149,0.36374515,30–40%,1,0
6276,0.16160238,10–20%,0,0
11728,0.06031171,0–10%,0,0
25988,0.10228362,10–20%,0,0
4635,0.07150463,0–10%,0,0
8500,0.20677985,20–30%,0,0
20306,0.2508104,20–30%,0,1
20325,0.123222396,10–20%,0,0
20177,0.1531021,10–20%,0,0
6227,0.20674992,20–30%,0,0
5140,0.059819963,0–10%,0,0
14961,0.18392518,10–20%,0,0
7795,0.07745376,0–10%,0,0
10907,0.8028614,80–90%,1,1
19961,0.20511878,20–30%,0,0
13130,0.13745317,10–20%,0,0
22007,0.090981945,0–10%,0,0
27323,0.2613283,20–30%,0,0
13841,0.11185928,10–20%,0,0
1442,0.23210305,20–30%,0,1
18163,0.08168076,0–10%,0,0
1888,0.53664994,50–60%,1,0
18614,0.62882763,60–70%,1,1
15523,0.038006376,0–10%,0,0
10103,0.24396323,20–30%,0,0
28725,0.10381074,10–20%,0,0
27173,0.26781222,20–30%,0,0
6102,0.07951252,0–10%,0,0
22420,0.27815825,20–30%,0,0
15617,0.2056623,20–30%,0,0
16704,0.713015,70–80%,1,0
27113,0.14052732,10–20%,0,0
26354,0.21921556,20–30%,0,0
12048,0.3621039,30–40%,1,0
18105,0.22486585,20–30%,0,0
23468,0.5670956,50–60%,1,1
9240,0.107828446,10–20%,0,0
9569,0.35097152,30–40%,1,0
29129,0.20766065,20–30%,0,0
711,0.19031806,10–20%,0,0
13080,0.062136944,0–10%,0,0
26892,0.46659285,40–50%,1,0
18921,0.06174786,0–10%,0,0
14168,0.17709492,10–20%,0,0
14822,0.17163973,10–20%,0,1
19058,0.18477668,10–20%,0,0
3241,0.80200344,80–90%,1,1
17474,0.04735694,0–10%,0,0
4060,0.02337494,0–10%,0,0
25025,0.041374646,0–10%,0,0
18156,0.10167742,10–20%,0,0
28739,0.19977753,10–20%,0,0
23421,0.05024982,0–10%,0,0
3383,0.531975,50–60%,1,1
4269,0.19025195,10–20%,0,1
11785,0.12187418,10–20%,0,0
13638,0.0625279,0–10%,0,0
1835,0.5941424,50–60%,1,1
17301,0.13714227,10–20%,0,0
25917,0.07428816,0–10%,0,0
24266,0.122640066,10–20%,0,0
14723,0.05112553,0–10%,0,0
17510,0.30689666,30–40%,1,1
13390,0.6627202,60–70%,1,1
15790,0.11488104,10–20%,0,0
15312,0.15494803,10–20%,0,0
22105,0.11938447,10–20%,0,0
20837,0.12856327,10–20%,0,0
16516,0.04585222,0–10%,0,0
8494,0.69391847,60–70%,1,0
24384,0.030352496,0–10%,0,0
15460,0.124496,10–20%,0,0
4677,0.13758387,10–20%,0,0
385,0.13334331,10–20%,0,0
10089,0.13233863,10–20%,0,0
13797,0.5036402,50–60%,1,0
22789,0.13442494,10–20%,0,1
28850,0.02010011,0–10%,0,0
21416,0.21565211,20–30%,0,0
28081,0.6590979,60–70%,1,1
29242,0.2799052,20–30%,0,1
15464,0.09194233,0–10%,0,0
3961,0.0810634,0–10%,0,0
10218,0.15255083,10–20%,0,0
2194,0.17250447,10–20%,0,0
873,0.12645663,10–20%,0,0
26200,0.21376036,20–30%,0,0
24065,0.17692025,10–20%,0,0
23232,0.22282256,20–30%,0,1
21263,0.16184548,10–20%,0,0
12643,0.20220771,20–30%,0,0
26655,0.3307095,30–40%,1,0
6732,0.06421215,0–10%,0,0
29255,0.23961054,20–30%,0,1
8080,0.08322328,0–10%,0,0
29695,0.29248092,20–30%,0,0
1737,0.25056246,20–30%,0,0
27836,0.12792185,10–20%,0,0
13964,0.18989588,10–20%,0,0
19650,0.058526225,0–10%,0,0
20551,0.15794544,10–20%,0,0
9043,0.2904804,20–30%,0,1
26383,0.050315287,0–10%,0,0
14811,0.13469552,10–20%,0,0
16571,0.68662953,60–70%,1,0
10300,0.08765148,0–10%,0,0
24196,0.16232733,10–20%,0,0
7269,0.08344389,0–10%,0,0
29939,0.12574351,10–20%,0,0
2489,0.33387563,30–40%,1,0
1813,0.63728404,60–70%,1,0
20186,0.10818693,10–20%,0,0
1951,0.097030886,0–10%,0,0
5283,0.21481839,20–30%,0,0
11931,0.062322985,0–10%,0,0
920,0.2206958,20–30%,0,0
3431,0.13762426,10–20%,0,0
4243,0.07176806,0–10%,0,0
13336,0.18924604,10–20%,0,0
15360,0.15078546,10–20%,0,0
12599,0.07726579,0–10%,0,0
2544,0.15639077,10–20%,0,1
19667,0.6132181,60–70%,1,0
23782,0.41341358,40–50%,1,0
16991,0.7668687,70–80%,1,1
702,0.26931933,20–30%,0,1
29441,0.11580471,10–20%,0,0
10367,0.110681765,10–20%,0,1
25622,0.4643236,40–50%,1,0
12719,0.03395481,0–10%,0,0
23333,0.051380243,0–10%,0,0
16655,0.102735415,10–20%,0,0
27142,0.10355365,10–20%,0,0
26944,0.102360494,10–20%,0,0
26765,0.16932614,10–20%,0,1
16788,0.86301214,80–90%,1,1
16100,0.15160112,10–20%,0,1
3790,0.13236596,10–20%,0,1
14423,0.24961786,20–30%,0,0
3236,0.08277023,0–10%,0,0
10521,0.668623,60–70%,1,1
19688,0.08315665,0–10%,0,0
26681,0.14316884,10–20%,0,0
25737,0.13342525,10–20%,0,0
1734,0.121407196,10–20%,0,0
15030,0.8139342,80–90%,1,1
29815,0.27192426,20–30%,0,0
22513,0.0798378,0–10%,0,0
367,0.62707084,60–70%,1,0
2479,0.11618292,10–20%,0,0
15599,0.6411878,60–70%,1,1
4042,0.07595854,0–10%,0,0
20414,0.1080596,10–20%,0,0
28232,0.2164317,20–30%,0,0
2133,0.085030854,0–10%,0,0
21866,0.15420832,10–20%,0,0
3433,0.14226861,10–20%,0,0
19150,0.11374078,10–20%,0,0
14058,0.16894665,10–20%,0,0
28666,0.12904757,10–20%,0,1
13647,0.3446374,30–40%,1,1
19938,0.060966514,0–10%,0,0
21663,0.11393256,10–20%,0,0
13192,0.11303187,10–20%,0,0
29480,0.2999524,20–30%,0,0
9393,0.06613852,0–10%,0,0
22364,0.11028272,10–20%,0,0
19620,0.08682546,0–10%,0,0
13702,0.16575044,10–20%,0,0
3538,0.066602185,0–10%,0,1
17923,0.6523132,60–70%,1,1
3060,0.08039881,0–10%,0,1
18206,0.09270586,0–10%,0,0
28759,0.068695776,0–10%,0,0
10239,0.21912624,20–30%,0,0
13304,0.030633202,0–10%,0,0
23172,0.17981286,10–20%,0,0
27668,0.33649686,30–40%,1,1
29770,0.9016214,90–100%,1,1
19468,0.044685908,0–10%,0,0
209,0.07418683,0–10%,0,0
17338,0.27672416,20–30%,0,0
2370,0.10977414,10–20%,0,0
25711,0.25336686,20–30%,0,0
9495,0.16871127,10–20%,0,0
6151,0.21702757,20–30%,0,0
20219,0.04821043,0–10%,0,0
19774,0.0629098,0–10%,0,0
14008,0.104286425,10–20%,0,0
23658,0.15647589,10–20%,0,0
24631,0.17500763,10–20%,0,0
1416,0.14875513,10–20%,0,0
5552,0.15628447,10–20%,0,0
16367,0.15432173,10–20%,0,1
6167,0.16009592,10–20%,0,0
14922,0.7602047,70–80%,1,0
6750,0.7581699,70–80%,1,1
21849,0.05430518,0–10%,0,0
368,0.38727403,30–40%,1,0
15024,0.4048123,40–50%,1,0
11174,0.13642372,10–20%,0,0
20301,0.09664416,0–10%,0,0
18976,0.036994923,0–10%,0,0
2551,0.14998293,10–20%,0,0
27585,0.5532957,50–60%,1,1
7580,0.046836205,0–10%,0,0
8273,0.16267517,10–20%,0,0
28754,0.12564775,10–20%,0,0
16012,0.19709073,10–20%,0,0
20769,0.031897604,0–10%,0,0
762,0.060241196,0–10%,0,0
12763,0.07818809,0–10%,0,0
10077,0.15077652,10–20%,0,0
21731,0.06766425,0–10%,0,0
18482,0.07827669,0–10%,0,0
25865,0.05247785,0–10%,0,0
18297,0.1218445,10–20%,0,0
587,0.091829374,0–10%,0,1
14805,0.81055135,80–90%,1,0
5564,0.13358995,10–20%,0,1
25651,0.05680262,0–10%,0,0
19923,0.14370733,10–20%,0,0
12169,0.385185,30–40%,1,1
2885,0.10954601,10–20%,0,0
2171,0.07782557,0–10%,0,0
22566,0.7663788,70–80%,1,0
27238,0.14019188,10–20%,0,0
26353,0.21624736,20–30%,0,0
12881,0.23506224,20–30%,0,0
22914,0.21023332,20–30%,0,0
26441,0.41261402,40–50%,1,1
16395,0.041909046,0–10%,0,0
27561,0.070253514,0–10%,0,0
3160,0.13414492,10–20%,0,0
13233,0.13562681,10–20%,0,0
14542,0.79093885,70–80%,1,1
27181,0.08161763,0–10%,0,0
6985,0.17769608,10–20%,0,0
12329,0.18271412,10–20%,0,1
22378,0.07270137,0–10%,0,0
1246,0.7509064,70–80%,1,1
29680,0.51297325,50–60%,1,0
18131,0.05178831,0–10%,0,0
24961,0.15265599,10–20%,0,0
7794,0.15900499,10–20%,0,0
8497,0.121987924,10–20%,0,0
21676,0.1841689,10–20%,0,0
14980,0.7700461,70–80%,1,1
27815,0.04984038,0–10%,0,0
24328,0.059206277,0–10%,0,0
15615,0.5958652,50–60%,1,1
15761,0.07094022,0–10%,0,0
12773,0.120380305,10–20%,0,1
23351,0.1356905,10–20%,0,0
14421,0.2071767,20–30%,0,0
14673,0.20452449,20–30%,0,0
28429,0.14375293,10–20%,0,0
4209,0.23181915,20–30%,0,0
3928,0.04471193,0–10%,0,0
7776,0.40599176,40–50%,1,1
11735,0.14211115,10–20%,0,0
14422,0.1201879,10–20%,0,0
23985,0.15904549,10–20%,0,1
9509,0.13177927,10–20%,0,0
16121,0.60095304,60–70%,1,1
11624,0.01908121,0–10%,0,0
931,0.062642165,0–10%,0,1
26878,0.06270097,0–10%,0,0
1446,0.21186905,20–30%,0,1
1401,0.6703103,60–70%,1,0
9389,0.6126506,60–70%,1,0
10634,0.1327586,10–20%,0,0
10370,0.16242516,10–20%,0,0
4495,0.11650998,10–20%,0,0
7851,0.2504469,20–30%,0,0
13096,0.46040183,40–50%,1,0
21190,0.03955741,0–10%,0,0
11,0.09721265,0–10%,0,0
181,0.0647824,0–10%,0,0
1270,0.10358066,10–20%,0,0
24148,0.13585052,10–20%,0,0
28813,0.20106405,20–30%,0,0
5324,0.22863044,20–30%,0,0
26456,0.1712937,10–20%,0,1
28242,0.6504316,60–70%,1,1
4922,0.1724618,10–20%,0,0
15074,0.11015788,10–20%,0,0
17947,0.28942946,20–30%,0,0
8725,0.07521027,0–10%,0,1
1137,0.17335999,10–20%,0,0
17237,0.06584388,0–10%,0,0
23365,0.046661004,0–10%,0,0
29144,0.23773904,20–30%,0,0
5940,0.13732858,10–20%,0,0
5127,0.13373111,10–20%,0,0
3175,0.07248289,0–10%,0,0
18134,0.27113023,20–30%,0,0
19764,0.1353449,10–20%,0,0
10739,0.5903282,50–60%,1,1
19008,0.02161066,0–10%,0,0
14873,0.4334553,40–50%,1,1
12761,0.15942656,10–20%,0,1
11532,0.14233726,10–20%,0,0
3404,0.13002358,10–20%,0,0
17691,0.19617707,10–20%,0,0
2639,0.10185318,10–20%,0,0
10388,0.26082772,20–30%,0,1
22505,0.18674742,10–20%,0,1
29970,0.032075047,0–10%,0,0
27514,0.10375823,10–20%,0,0
21969,0.032605946,0–10%,0,0
12484,0.16343862,10–20%,0,0
15720,0.18317984,10–20%,0,0
3475,0.2069779,20–30%,0,0
15525,0.11577444,10–20%,0,0
17467,0.06615201,0–10%,0,0
2228,0.1327644,10–20%,0,0
14480,0.17855085,10–20%,0,1
12527,0.21632938,20–30%,0,0
15385,0.34787852,30–40%,1,1
22129,0.07510448,0–10%,0,0
5248,0.2369509,20–30%,0,1
23078,0.0360253,0–10%,0,0
20985,0.061523948,0–10%,0,0
6354,0.091231704,0–10%,0,0
2401,0.13092676,10–20%,0,0
8738,0.10997309,10–20%,0,0
4215,0.06965982,0–10%,0,0
1840,0.15366144,10–20%,0,0
26033,0.0654781,0–10%,0,0
9588,0.07090252,0–10%,0,0
6565,0.053305548,0–10%,0,0
25603,0.15103555,10–20%,0,0
11194,0.25023282,20–30%,0,0
16656,0.19867104,10–20%,0,0
6185,0.07384634,0–10%,0,0
28129,0.15847951,10–20%,0,0
5103,0.06831812,0–10%,0,0
23494,0.115748055,10–20%,0,0
21680,0.11982104,10–20%,0,0
18384,0.21359012,20–30%,0,0
6366,0.2302269,20–30%,0,1
1637,0.6980157,60–70%,1,0
7463,0.09577185,0–10%,0,0
3172,0.14191313,10–20%,0,0
24308,0.072100736,0–10%,0,0
158,0.506231,50–60%,1,1
24448,0.7462511,70–80%,1,1
29383,0.06177168,0–10%,0,0
21896,0.19893694,10–20%,0,0
7955,0.53671783,50–60%,1,0
15416,0.06633519,0–10%,0,0
2442,0.072351836,0–10%,0,0
18753,0.05145953,0–10%,0,0
12873,0.16407835,10–20%,0,1
23329,0.058026154,0–10%,0,0
8865,0.41736847,40–50%,1,1
14531,0.14964917,10–20%,0,0
18410,0.2094667,20–30%,0,0
14786,0.15947624,10–20%,0,1
9897,0.14864,10–20%,0,1
1242,0.13839413,10–20%,0,0
2559,0.20090263,20–30%,0,0
21595,0.11825934,10–20%,0,0
3776,0.39573997,30–40%,1,1
28926,0.29895124,20–30%,0,1
19679,0.15422468,10–20%,0,0
17391,0.07278947,0–10%,0,0
25671,0.03061347,0–10%,0,0
21328,0.19058248,10–20%,0,0
3057,0.17796311,10–20%,0,0
13082,0.20344535,20–30%,0,1
16706,0.14550349,10–20%,0,0
29146,0.14930785,10–20%,0,0
18958,0.069032595,0–10%,0,0
16526,0.75357836,70–80%,1,0
82,0.1644461,10–20%,0,1
6819,0.1137989,10–20%,0,0
11239,0.7623055,70–80%,1,0
23532,0.4672252,40–50%,1,1
29905,0.41243717,40–50%,1,1
16833,0.587015,50–60%,1,0
26400,0.026670067,0–10%,0,0
28689,0.17088678,10–20%,0,0
14684,0.18750134,10–20%,0,0
19657,0.3014639,30–40%,1,0
28956,0.09448409,0–10%,0,0
26022,0.7155735,70–80%,1,0
13195,0.29589352,20–30%,0,1
24077,0.042570587,0–10%,0,0
28618,0.02145122,0–10%,0,0
443,0.05634067,0–10%,0,0
14234,0.04984602,0–10%,0,0
9188,0.3154347,30–40%,1,0
7138,0.13566002,10–20%,0,0
7604,0.14482766,10–20%,0,0
13225,0.06358857,0–10%,0,0
25045,0.15168437,10–20%,0,0
1441,0.079895444,0–10%,0,0
7914,0.026728924,0–10%,0,0
23954,0.22675875,20–30%,0,0
22940,0.092188954,0–10%,0,0
16056,0.17243212,10–20%,0,0
12794,0.11603463,10–20%,0,1
16748,0.75879633,70–80%,1,0
12039,0.7074186,70–80%,1,1
26532,0.0864891,0–10%,0,0
1567,0.1021029,10–20%,0,0
446,0.07907867,0–10%,0,0
25750,0.36591658,30–40%,1,1
13485,0.10501182,10–20%,0,0
9835,0.18042114,10–20%,0,0
15018,0.37524354,30–40%,1,0
23967,0.02189753,0–10%,0,0
15639,0.5246617,50–60%,1,0
13479,0.67524207,60–70%,1,1
21374,0.3884921,30–40%,1,0
24219,0.28598464,20–30%,0,0
7402,0.1889194,10–20%,0,1
28635,0.7572961,70–80%,1,1
3319,0.17225288,10–20%,0,0
1659,0.19454122,10–20%,0,0
27866,0.17174254,10–20%,0,0
23911,0.09861728,0–10%,0,0
1209,0.23341992,20–30%,0,1
18486,0.11029383,10–20%,0,0
1994,0.27663904,20–30%,0,0
5024,0.13476817,10–20%,0,0
12271,0.06068052,0–10%,0,0
9093,0.70005107,70–80%,1,1
3084,0.2096857,20–30%,0,0
20724,0.8044182,80–90%,1,1
19552,0.1412167,10–20%,0,1
14330,0.7476391,70–80%,1,1
29757,0.1385022,10–20%,0,0
9146,0.7183689,70–80%,1,1
2225,0.14512235,10–20%,0,1
1022,0.13505739,10–20%,0,0
3693,0.20535985,20–30%,0,0
17571,0.091545254,0–10%,0,0
23776,0.12780185,10–20%,0,0
13805,0.059387885,0–10%,0,0
12682,0.14256136,10–20%,0,0
24611,0.11155628,10–20%,0,0
18421,0.16352843,10–20%,0,1
25363,0.7411619,70–80%,1,0
4751,0.09059766,0–10%,0,0
20673,0.3852319,30–40%,1,1
12568,0.31649563,30–40%,1,1
24796,0.26020038,20–30%,0,0
14080,0.3841379,30–40%,1,0
1366,0.09033088,0–10%,0,0
21802,0.34937945,30–40%,1,0
9917,0.40661013,40–50%,1,0
1702,0.1264882,10–20%,0,1
10673,0.16486005,10–20%,0,0
17005,0.1450693,10–20%,0,0
17867,0.15748015,10–20%,0,0
9050,0.34828305,30–40%,1,0
7611,0.07223286,0–10%,0,0
10870,0.8178216,80–90%,1,1
6430,0.17279841,10–20%,0,0
29969,0.091360405,0–10%,0,0
4660,0.13450019,10–20%,0,0
26967,0.05189083,0–10%,0,0
9960,0.08718151,0–10%,0,0
22501,0.06527628,0–10%,0,0
12796,0.46736035,40–50%,1,1
24889,0.48978075,40–50%,1,0
1844,0.2341335,20–30%,0,0
26423,0.061687212,0–10%,0,0
104,0.7035596,70–80%,1,0
1609,0.13100824,10–20%,0,0
24678,0.07315418,0–10%,0,0
29086,0.12075201,10–20%,0,0
3873,0.36790293,30–40%,1,1
11432,0.13241813,10–20%,0,1
29850,0.14951155,10–20%,0,0
26974,0.20690355,20–30%,0,1
5177,0.84614074,80–90%,1,1
24936,0.10643584,10–20%,0,0
14522,0.2448977,20–30%,0,0
2727,0.12767917,10–20%,0,0
23735,0.08276081,0–10%,0,0
17806,0.7709809,70–80%,1,1
1976,0.09558398,0–10%,0,0
7288,0.13406873,10–20%,0,0
8183,0.16805044,10–20%,0,0
17328,0.19759531,10–20%,0,0
2705,0.05342455,0–10%,0,0
3968,0.18236648,10–20%,0,0
25560,0.066549875,0–10%,0,0
18476,0.06734557,0–10%,0,0
24303,0.49332693,40–50%,1,1
315,0.14905626,10–20%,0,1
19516,0.015035666,0–10%,0,0
27679,0.0793175,0–10%,0,0
23909,0.5057394,50–60%,1,0
13876,0.5363379,50–60%,1,0
15635,0.079597294,0–10%,0,0
13344,0.27666983,20–30%,0,1
22553,0.32531017,30–40%,1,0
23122,0.020271262,0–10%,0,0
5677,0.17492358,10–20%,0,0
7536,0.14401193,10–20%,0,1
10329,0.664094,60–70%,1,0
28203,0.10506917,10–20%,0,0
26406,0.1186227,10–20%,0,0
15603,0.13114095,10–20%,0,0
10861,0.63467103,60–70%,1,1
3758,0.11781939,10–20%,0,1
18357,0.5356266,50–60%,1,0
13595,0.13300703,10–20%,0,0
12222,0.6158429,60–70%,1,1
29754,0.35421395,30–40%,1,0
28747,0.8877806,80–90%,1,0
17089,0.26937053,20–30%,0,0
10214,0.15452953,10–20%,0,0
19382,0.21491072,20–30%,0,0
11207,0.12640011,10–20%,0,0
16716,0.083501786,0–10%,0,0
14261,0.2783831,20–30%,0,1
2300,0.7166357,70–80%,1,0
2460,0.052841116,0–10%,0,0
22524,0.062521935,0–10%,0,0
3118,0.13946614,10–20%,0,0
24274,0.038490362,0–10%,0,0
6397,0.10223284,10–20%,0,0
28231,0.4593105,40–50%,1,1
8914,0.04867561,0–10%,0,0
2836,0.09006837,0–10%,0,0
13063,0.10720286,10–20%,0,1
6089,0.47724122,40–50%,1,0
20580,0.09370325,0–10%,0,0
20609,0.6966215,60–70%,1,0
17266,0.15769503,10–20%,0,0
17490,0.08793884,0–10%,0,0
9581,0.15111318,10–20%,0,0
17,0.12560888,10–20%,0,0
5984,0.15305994,10–20%,0,0
28541,0.089960866,0–10%,0,0
10119,0.19538619,10–20%,0,0
1009,0.12614298,10–20%,0,0
2214,0.20924816,20–30%,0,0
1966,0.3553334,30–40%,1,0
6554,0.1482953,10–20%,0,0
28550,0.12560625,10–20%,0,0
21103,0.13195407,10–20%,0,0
11141,0.07008005,0–10%,0,0
3719,0.41991246,40–50%,1,0
4734,0.018436339,0–10%,0,0
4840,0.6464094,60–70%,1,1
16913,0.11687681,10–20%,0,0
9184,0.1384787,10–20%,0,1
23779,0.07791516,0–10%,0,0
28487,0.2398731,20–30%,0,0
18133,0.16907918,10–20%,0,1
16575,0.21834153,20–30%,0,0
25130,0.034170706,0–10%,0,0
9013,0.18097435,10–20%,0,0
16638,0.12194568,10–20%,0,0
26938,0.13292755,10–20%,0,1
24436,0.12819009,10–20%,0,0
8924,0.08016792,0–10%,0,0
23327,0.08252318,0–10%,0,0
23528,0.13455561,10–20%,0,0
4252,0.1399026,10–20%,0,0
8468,0.73325205,70–80%,1,1
29081,0.5073697,50–60%,1,1
21238,0.10143814,10–20%,0,0
25819,0.090191565,0–10%,0,0
1166,0.07665318,0–10%,0,0
14661,0.113849245,10–20%,0,0
21618,0.2444499,20–30%,0,0
22188,0.10893377,10–20%,0,0
28109,0.17308755,10–20%,0,1
6961,0.60120595,60–70%,1,0
27893,0.06824536,0–10%,0,0
28226,0.039255273,0–10%,0,0
8187,0.15264456,10–20%,0,1
11878,0.0833299,0–10%,0,0
9554,0.24886101,20–30%,0,0
27689,0.18649276,10–20%,0,0
7393,0.107669294,10–20%,0,0
14672,0.06993824,0–10%,0,0
23399,0.21425131,20–30%,0,1
13157,0.051942524,0–10%,0,0
5088,0.084261864,0–10%,0,0
10420,0.1457384,10–20%,0,0
26782,0.039798822,0–10%,0,0
26432,0.15677653,10–20%,0,0
11492,0.08629599,0–10%,0,0
15037,0.30437592,30–40%,1,0
73,0.27332413,20–30%,0,0
19817,0.6471296,60–70%,1,1
11042,0.08713251,0–10%,0,0
18234,0.55944467,50–60%,1,0
16630,0.2192637,20–30%,0,0
15191,0.09699379,0–10%,0,0
6752,0.8200321,80–90%,1,1
8698,0.11501511,10–20%,0,0
23822,0.48406482,40–50%,1,1
17575,0.355965,30–40%,1,1
28068,0.094742954,0–10%,0,0
8320,0.4086205,40–50%,1,1
25742,0.11354289,10–20%,0,1
24666,0.43137288,40–50%,1,0
19915,0.020765252,0–10%,0,0
22451,0.08052778,0–10%,0,0
2215,0.18452203,10–20%,0,0
11967,0.09091268,0–10%,0,0
9888,0.18218333,10–20%,0,0
6284,0.03347074,0–10%,0,0
6304,0.13872941,10–20%,0,1
20931,0.05904781,0–10%,0,0
27902,0.13382839,10–20%,0,0
17300,0.106784746,10–20%,0,0
22937,0.08261772,0–10%,0,0
17074,0.29846162,20–30%,0,0
27864,0.15521452,10–20%,0,0
19307,0.07974822,0–10%,0,0
6473,0.08638404,0–10%,0,0
6236,0.18178043,10–20%,0,0
27115,0.2629436,20–30%,0,0
4963,0.06371481,0–10%,0,0
19670,0.31490833,30–40%,1,0
13779,0.0808541,0–10%,0,0
16088,0.06602629,0–10%,0,1
15195,0.1546917,10–20%,0,0
28934,0.13779923,10–20%,0,0
17535,0.07467783,0–10%,0,0
26043,0.75317734,70–80%,1,1
22715,0.19086272,10–20%,0,0
2219,0.113718525,10–20%,0,1
10555,0.04462673,0–10%,0,0
21428,0.12929423,10–20%,0,0
1649,0.13032028,10–20%,0,0
6946,0.59130156,50–60%,1,1
14818,0.10965158,10–20%,0,0
10133,0.36108822,30–40%,1,0
75,0.32998848,30–40%,1,0
12770,0.12719962,10–20%,0,0
29959,0.04289442,0–10%,0,0
20656,0.1261055,10–20%,0,1
19661,0.29779357,20–30%,0,0
4338,0.7791476,70–80%,1,0
24655,0.08186605,0–10%,0,1
2826,0.04987648,0–10%,0,0
4397,0.10075888,10–20%,0,0
20977,0.7015117,70–80%,1,1
20235,0.22969387,20–30%,0,0
23079,0.073169105,0–10%,0,0
29598,0.19951735,10–20%,0,1
19566,0.07023659,0–10%,0,0
23569,0.16343254,10–20%,0,0
10465,0.04040253,0–10%,0,0
22264,0.059981257,0–10%,0,0
24362,0.27202743,20–30%,0,0
25789,0.0985112,0–10%,0,0
13966,0.8924687,80–90%,1,1
13717,0.75020325,70–80%,1,1
14041,0.10616669,10–20%,0,0
23750,0.073688716,0–10%,0,0
15889,0.20865378,20–30%,0,0
25371,0.0320522,0–10%,0,0
6902,0.07824,0–10%,0,0
17735,0.108998984,10–20%,0,1
5908,0.09469446,0–10%,0,0
22266,0.065597795,0–10%,0,1
5691,0.04696144,0–10%,0,0
10110,0.3591391,30–40%,1,0
3645,0.12105399,10–20%,0,0
1399,0.15669508,10–20%,0,0
14919,0.05334739,0–10%,0,0
14224,0.063414626,0–10%,0,0
20254,0.89589655,80–90%,1,1
908,0.16520464,10–20%,0,0
27296,0.21646662,20–30%,0,0
15836,0.14001298,10–20%,0,0
3283,0.06176088,0–10%,0,0
21132,0.028342405,0–10%,0,0
10393,0.15812178,10–20%,0,0
16931,0.33792904,30–40%,1,0
19156,0.14009525,10–20%,0,0
16969,0.10600257,10–20%,0,1
23572,0.077420875,0–10%,0,0
5763,0.16318895,10–20%,0,0
26596,0.1900787,10–20%,0,0
24856,0.1257327,10–20%,0,1
23244,0.1107832,10–20%,0,0
19545,0.63487303,60–70%,1,0
27419,0.31208006,30–40%,1,1
14185,0.0801328,0–10%,0,0
24913,0.32010674,30–40%,1,1
9742,0.093725264,0–10%,0,0
19962,0.06746827,0–10%,0,0
7540,0.068206824,0–10%,0,0
2155,0.7773709,70–80%,1,1
24418,0.32485047,30–40%,1,0
15769,0.20112094,20–30%,0,0
24320,0.06014809,0–10%,0,0
7652,0.19750918,10–20%,0,0
17685,0.539966,50–60%,1,1
16007,0.72978854,70–80%,1,0
1450,0.20649558,20–30%,0,0
25335,0.1099389,10–20%,0,0
23009,0.21994318,20–30%,0,0
198,0.15241909,10–20%,0,0
14446,0.74198526,70–80%,1,1
16685,0.30564857,30–40%,1,0
20901,0.09039493,0–10%,0,0
24017,0.07356723,0–10%,0,0
7091,0.23607793,20–30%,0,1
18698,0.17112182,10–20%,0,0
2369,0.11146782,10–20%,0,0
19390,0.08290644,0–10%,0,0
28140,0.13432151,10–20%,0,0
8659,0.3207303,30–40%,1,0
20190,0.036313202,0–10%,0,0
23827,0.6418478,60–70%,1,1
1071,0.09445048,0–10%,0,1
15950,0.4248633,40–50%,1,1
20917,0.49491212,40–50%,1,1
24187,0.11636642,10–20%,0,0
13238,0.43850952,40–50%,1,1
12255,0.27128577,20–30%,0,1
13938,0.12189271,10–20%,0,0
21261,0.24722415,20–30%,0,0
215,0.32707387,30–40%,1,0
17354,0.19774674,10–20%,0,0
7121,0.07819472,0–10%,0,0
11079,0.14969452,10–20%,0,0
22768,0.15338568,10–20%,0,1
6436,0.14584833,10–20%,0,0
625,0.31357414,30–40%,1,0
22705,0.26607835,20–30%,0,0
18239,0.12877476,10–20%,0,0
14464,0.064432584,0–10%,0,0
16308,0.10584419,10–20%,0,0
15242,0.13069977,10–20%,0,0
11226,0.032029305,0–10%,0,0
18071,0.7844616,70–80%,1,1
4028,0.12135617,10–20%,0,0
5667,0.03399756,0–10%,0,0
28661,0.43939933,40–50%,1,0
4536,0.07418814,0–10%,0,0
25051,0.027684707,0–10%,0,0
12086,0.16838636,10–20%,0,0
24332,0.7221233,70–80%,1,1
9165,0.11935966,10–20%,0,0
6569,0.68004656,60–70%,1,1
9759,0.12878811,10–20%,0,1
1821,0.077575885,0–10%,0,0
7114,0.07220463,0–10%,0,0
10612,0.12276585,10–20%,0,0
23784,0.06931208,0–10%,0,0
16081,0.11223964,10–20%,0,0
16682,0.14302339,10–20%,0,0
28230,0.20423843,20–30%,0,0
10203,0.080701396,0–10%,0,0
13018,0.055239648,0–10%,0,0
20230,0.45549268,40–50%,1,0
12680,0.15588842,10–20%,0,0
14398,0.040453922,0–10%,0,0
14768,0.1653483,10–20%,0,0
14967,0.21536438,20–30%,0,0
13867,0.13307418,10–20%,0,0
14214,0.24440798,20–30%,0,1
29895,0.13631812,10–20%,0,0
27532,0.13247284,10–20%,0,0
13866,0.24079217,20–30%,0,0
13586,0.09505472,0–10%,0,0
25208,0.06476256,0–10%,0,0
20664,0.3288806,30–40%,1,1
3332,0.2267434,20–30%,0,1
14432,0.08659919,0–10%,0,0
18853,0.17492905,10–20%,0,0
9099,0.1472547,10–20%,0,0
21715,0.51706064,50–60%,1,1
27605,0.1720475,10–20%,0,0
21771,0.3582869,30–40%,1,0
3206,0.07164653,0–10%,0,0
1631,0.07130868,0–10%,0,0
5839,0.1830233,10–20%,0,0
4433,0.085742466,0–10%,0,0
1902,0.04970006,0–10%,0,0
3374,0.07329501,0–10%,0,0
17979,0.1449747,10–20%,0,0
29597,0.111324295,10–20%,0,0
25593,0.06589332,0–10%,0,0
28058,0.14706077,10–20%,0,0
21176,0.07122102,0–10%,0,0
7088,0.061036624,0–10%,0,0
23067,0.03938165,0–10%,0,0
8684,0.10961625,10–20%,0,0
27935,0.21704264,20–30%,0,0
14318,0.08256724,0–10%,0,0
8757,0.18618241,10–20%,0,0
22430,0.2972178,20–30%,0,0
3980,0.058727954,0–10%,0,1
26205,0.22001979,20–30%,0,0
22416,0.6995569,60–70%,1,0
17323,0.6478696,60–70%,1,1
4350,0.24436575,20–30%,0,1
6106,0.60081923,60–70%,1,0
15144,0.0503461,0–10%,0,0
22168,0.67166376,60–70%,1,1
24682,0.034652583,0–10%,0,0
24210,0.054673668,0–10%,0,0
17395,0.80699205,80–90%,1,0
5875,0.18936093,10–20%,0,1
9425,0.2974615,20–30%,0,0
21310,0.46559042,40–50%,1,1
16891,0.2574376,20–30%,0,0
6992,0.06366047,0–10%,0,0
395,0.08157286,0–10%,0,0
17730,0.25759986,20–30%,0,0
9761,0.4829291,40–50%,1,0
22404,0.0925436,0–10%,0,0
12971,0.22561675,20–30%,0,1
27433,0.07272674,0–10%,0,0
25620,0.11788369,10–20%,0,0
16915,0.03881203,0–10%,0,0
28763,0.06515256,0–10%,0,1
7958,0.062264767,0–10%,0,0
13436,0.20856985,20–30%,0,0
13651,0.18737738,10–20%,0,0
9031,0.4967345,40–50%,1,1
20284,0.66172814,60–70%,1,0
5311,0.12683845,10–20%,0,0
10044,0.25438565,20–30%,0,0
19703,0.12220972,10–20%,0,0
19118,0.10800441,10–20%,0,0
641,0.14266108,10–20%,0,0
3675,0.32654783,30–40%,1,0
17376,0.15447335,10–20%,0,0
7369,0.16436717,10–20%,0,0
17177,0.15483922,10–20%,0,0
26849,0.75656927,70–80%,1,1
6351,0.5155953,50–60%,1,1
18961,0.4915696,40–50%,1,0
3953,0.079024285,0–10%,0,0
11230,0.322145,30–40%,1,1
476,0.12753086,10–20%,0,0
26357,0.08339387,0–10%,0,0
5355,0.14326043,10–20%,0,0
1981,0.7763542,70–80%,1,1
27732,0.2255825,20–30%,0,0
15491,0.13874276,10–20%,0,0
18454,0.66220343,60–70%,1,1
15482,0.10541159,10–20%,0,0
16996,0.17164376,10–20%,0,0
24605,0.07732179,0–10%,0,0
8198,0.24775173,20–30%,0,0
5020,0.048149075,0–10%,0,0
1383,0.017213745,0–10%,0,0
8529,0.06994069,0–10%,0,0
7777,0.059434526,0–10%,0,1
7749,0.074851714,0–10%,0,1
26499,0.12724823,10–20%,0,0
261,0.1389514,10–20%,0,0
294,0.29083467,20–30%,0,0
6654,0.5875995,50–60%,1,1
10874,0.08314235,0–10%,0,1
14030,0.2150733,20–30%,0,1
18610,0.14068402,10–20%,0,1
12300,0.12389135,10–20%,0,0
12277,0.109000266,10–20%,0,0
15177,0.20905346,20–30%,0,0
18547,0.10239826,10–20%,0,0
10287,0.16357498,10–20%,0,1
13932,0.6176323,60–70%,1,0
18781,0.23394215,20–30%,0,0
3497,0.07990212,0–10%,0,0
10783,0.08074221,0–10%,0,0
19330,0.06882716,0–10%,0,0
18088,0.28324264,20–30%,0,0
17539,0.44934222,40–50%,1,0
15964,0.74183136,70–80%,1,1
24963,0.036722597,0–10%,0,0
12559,0.082076214,0–10%,0,0
17998,0.3403661,30–40%,1,0
12989,0.12687093,10–20%,0,0
19771,0.039246738,0–10%,0,0
20854,0.7943976,70–80%,1,1
19926,0.1628175,10–20%,0,1
11262,0.31344008,30–40%,1,0
25054,0.17064565,10–20%,0,1
24802,0.10153245,10–20%,0,0
8143,0.26848134,20–30%,0,0
29027,0.14211811,10–20%,0,1
9669,0.1205735,10–20%,0,0
5909,0.06431597,0–10%,0,0
14902,0.076135896,0–10%,0,0
29221,0.18017533,10–20%,0,0
20083,0.29520434,20–30%,0,0
22195,0.11684477,10–20%,0,0
18418,0.06786758,0–10%,0,0
25812,0.16645648,10–20%,0,0
29628,0.057098553,0–10%,0,0
9062,0.7843618,70–80%,1,1
7612,0.045304853,0–10%,0,0
12269,0.1327745,10–20%,0,0
13670,0.21002528,20–30%,0,0
22619,0.14112385,10–20%,0,0
5768,0.08254995,0–10%,0,0
3188,0.072865136,0–10%,0,0
7195,0.12606788,10–20%,0,1
12279,0.11063686,10–20%,0,0
23412,0.03338342,0–10%,0,0
25621,0.05107147,0–10%,0,0
13837,0.06791232,0–10%,0,0
2484,0.38576025,30–40%,1,0
29988,0.14221416,10–20%,0,0
26917,0.201194,20–30%,0,0
8942,0.12366995,10–20%,0,0
7498,0.1869597,10–20%,0,0
24426,0.137327,10–20%,0,0
5980,0.1363099,10–20%,0,0
1538,0.15516376,10–20%,0,1
7657,0.21454254,20–30%,0,0
27633,0.15858288,10–20%,0,0
9743,0.2682234,20–30%,0,0
12735,0.15909138,10–20%,0,0
3537,0.7603943,70–80%,1,1
11913,0.30802622,30–40%,1,1
28907,0.07716006,0–10%,0,0
16104,0.13122405,10–20%,0,1
22632,0.15567043,10–20%,0,0
12503,0.12112997,10–20%,0,1
26418,0.13831878,10–20%,0,0
2471,0.83431214,80–90%,1,1
28484,0.22354813,20–30%,0,0
580,0.3372476,30–40%,1,1
6951,0.4246823,40–50%,1,1
20604,0.09479392,0–10%,0,0
26455,0.06859237,0–10%,0,0
2833,0.110631794,10–20%,0,0
15705,0.1199219,10–20%,0,0
2565,0.10426711,10–20%,0,0
28945,0.13056827,10–20%,0,0
29145,0.06684496,0–10%,0,1
9103,0.080927186,0–10%,0,0
25676,0.32475162,30–40%,1,0
12239,0.077120036,0–10%,0,1
8343,0.13675441,10–20%,0,0
26403,0.079565726,0–10%,0,0
23544,0.08975406,0–10%,0,0
20721,0.90277445,90–100%,1,1
16712,0.23474534,20–30%,0,0
7716,0.11631412,10–20%,0,0
20762,0.05813863,0–10%,0,0
23789,0.5294891,50–60%,1,0
2702,0.12959667,10–20%,0,0
17694,0.11420145,10–20%,0,0
5286,0.059717514,0–10%,0,1
4462,0.102503195,10–20%,0,0
4594,0.2177001,20–30%,0,1
856,0.3758586,30–40%,1,1
15399,0.19064088,10–20%,0,0
8753,0.06691754,0–10%,0,0
23163,0.09096873,0–10%,0,0
26253,0.14875695,10–20%,0,0
13973,0.4896817,40–50%,1,0
14424,0.1340092,10–20%,0,0
24909,0.05738127,0–10%,0,0
9276,0.055799935,0–10%,0,0
27257,0.10026159,10–20%,0,0
26396,0.10176972,10–20%,0,0
12819,0.76751417,70–80%,1,0
21052,0.8505971,80–90%,1,1
20962,0.31445146,30–40%,1,1
15520,0.05334806,0–10%,0,0
24674,0.78283364,70–80%,1,1
25510,0.7341054,70–80%,1,1
29596,0.070586935,0–10%,0,0
29468,0.22285746,20–30%,0,0
26810,0.1380364,10–20%,0,0
12004,0.22703551,20–30%,0,0
9236,0.16865475,10–20%,0,0
29391,0.36975405,30–40%,1,1
22081,0.2379451,20–30%,0,0
13002,0.08154261,0–10%,0,0
29390,0.0885734,0–10%,0,0
1274,0.12896228,10–20%,0,0
23029,0.14015071,10–20%,0,0
15886,0.32993585,30–40%,1,0
26492,0.11888738,10–20%,0,1
19428,0.30196285,30–40%,1,0
18005,0.8143902,80–90%,1,1
16586,0.07382072,0–10%,0,0
10449,0.23709245,20–30%,0,0
26392,0.051642638,0–10%,0,0
12889,0.05701419,0–10%,0,0
21414,0.09700779,0–10%,0,0
27728,0.09770005,0–10%,0,0
26731,0.13267848,10–20%,0,0
10045,0.12985206,10–20%,0,0
23273,0.09564283,0–10%,0,0
16734,0.18219884,10–20%,0,0
8755,0.39969444,30–40%,1,1
17404,0.10263427,10–20%,0,0
21410,0.49575418,40–50%,1,0
7007,0.046299815,0–10%,0,0
19537,0.15791342,10–20%,0,0
27183,0.06040115,0–10%,0,0
3309,0.12046262,10–20%,0,0
6875,0.6591552,60–70%,1,1
28634,0.097190514,0–10%,0,0
10686,0.32505158,30–40%,1,0
28494,0.13769126,10–20%,0,0
2631,0.102031335,10–20%,0,0
24707,0.07715658,0–10%,0,0
22712,0.17987317,10–20%,0,0
16240,0.11556976,10–20%,0,0
14304,0.14627573,10–20%,0,0
11874,0.6781731,60–70%,1,0
17269,0.098083735,0–10%,0,0
18541,0.03206144,0–10%,0,0
13696,0.82935107,80–90%,1,0
4785,0.11710053,10–20%,0,0
20143,0.0137552265,0–10%,0,0
25559,0.048317604,0–10%,0,0
17519,0.4658406,40–50%,1,0
25730,0.25454083,20–30%,0,0
23889,0.2673349,20–30%,0,0
5404,0.35958767,30–40%,1,1
2634,0.24937317,20–30%,0,1
17701,0.16282165,10–20%,0,0
16945,0.73557144,70–80%,1,0
25879,0.061294284,0–10%,0,0
15527,0.10581095,10–20%,0,0
4730,0.050114654,0–10%,0,0
9995,0.26390928,20–30%,0,0
3240,0.19597857,10–20%,0,0
11693,0.14097348,10–20%,0,0
21116,0.3315002,30–40%,1,0
17417,0.14298105,10–20%,0,0
13941,0.17473353,10–20%,0,1
26462,0.22159621,20–30%,0,0
23272,0.28261346,20–30%,0,0
24860,0.20039748,20–30%,0,0
19976,0.14722022,10–20%,0,0
22759,0.86061966,80–90%,1,1
2306,0.2803487,20–30%,0,0
5573,0.0745427,0–10%,0,0
29007,0.10044263,10–20%,0,0
10782,0.22445978,20–30%,0,0
2030,0.10406214,10–20%,0,0
29363,0.055085883,0–10%,0,0
23504,0.06260378,0–10%,0,0
13092,0.6741078,60–70%,1,1
2835,0.75810426,70–80%,1,1
13234,0.12225728,10–20%,0,1
14240,0.035378594,0–10%,0,0
13176,0.15154949,10–20%,0,0
17121,0.8140352,80–90%,1,1
15659,0.1356439,10–20%,0,0
999,0.769291,70–80%,1,0
29248,0.28972873,20–30%,0,1
10289,0.13286436,10–20%,0,0
1743,0.113955386,10–20%,0,0
21700,0.073717624,0–10%,0,0
29041,0.075177565,0–10%,0,1
13809,0.29409218,20–30%,0,0
6025,0.28681672,20–30%,0,1
2425,0.42348287,40–50%,1,0
14914,0.5356746,50–60%,1,1
21881,0.2219691,20–30%,0,0
12056,0.13825226,10–20%,0,0
28677,0.022952752,0–10%,0,0
13574,0.1200987,10–20%,0,0
10186,0.698663,60–70%,1,1
26000,0.16551943,10–20%,0,0
12025,0.10586144,10–20%,0,0
5626,0.44624963,40–50%,1,1
19899,0.7051179,70–80%,1,1
26851,0.36975875,30–40%,1,0
19101,0.7021733,70–80%,1,1
4262,0.54475534,50–60%,1,1
28765,0.08247768,0–10%,0,0
19655,0.08365163,0–10%,0,0
25264,0.10310309,10–20%,0,0
13732,0.17538977,10–20%,0,0
8409,0.08092622,0–10%,0,0
10313,0.115185335,10–20%,0,0
20176,0.2716957,20–30%,0,0
11725,0.106452554,10–20%,0,1
18362,0.112415016,10–20%,0,1
21587,0.18738058,10–20%,0,0
818,0.14443995,10–20%,0,0
2710,0.06294158,0–10%,0,0
8388,0.2349034,20–30%,0,1
16866,0.15914334,10–20%,0,0
4255,0.14349177,10–20%,0,0
14793,0.707236,70–80%,1,1
14331,0.03824971,0–10%,0,0
25939,0.12023647,10–20%,0,0
16523,0.19807218,10–20%,0,0
7505,0.26941472,20–30%,0,1
14704,0.1190887,10–20%,0,0
5359,0.08220069,0–10%,0,0
22801,0.108256444,10–20%,0,0
15449,0.045852244,0–10%,0,0
17137,0.39357847,30–40%,1,1
22090,0.32250714,30–40%,1,1
5147,0.5893417,50–60%,1,1
28622,0.106749706,10–20%,0,0
15877,0.2591592,20–30%,0,1
15541,0.12540548,10–20%,0,0
7174,0.7933245,70–80%,1,0
12386,0.36752126,30–40%,1,1
21426,0.11744343,10–20%,0,0
25093,0.078584045,0–10%,0,0
6069,0.05886133,0–10%,0,0
10194,0.63352245,60–70%,1,1
16808,0.11219508,10–20%,0,0
10926,0.13326438,10–20%,0,0
2688,0.13272361,10–20%,0,1
20984,0.023536863,0–10%,0,0
1417,0.42421335,40–50%,1,0
3916,0.62844723,60–70%,1,1
19727,0.11278324,10–20%,0,1
7489,0.13664041,10–20%,0,0
5738,0.63667786,60–70%,1,1
21920,0.10549064,10–20%,0,1
14223,0.19963771,10–20%,0,0
6808,0.07562406,0–10%,0,0
13534,0.13833454,10–20%,0,0
2175,0.118599616,10–20%,0,0
18388,0.079793565,0–10%,0,0
20003,0.04450662,0–10%,0,0
5978,0.14555568,10–20%,0,0
7678,0.089781836,0–10%,0,0
25905,0.18496703,10–20%,0,0
3347,0.12852524,10–20%,0,0
11348,0.07388776,0–10%,0,0
18194,0.11398152,10–20%,0,0
24771,0.26857042,20–30%,0,0
26752,0.089708,0–10%,0,0
8116,0.18302228,10–20%,0,0
5313,0.40817025,40–50%,1,0
29635,0.16746262,10–20%,0,0
23442,0.1586244,10–20%,0,0
19331,0.16516192,10–20%,0,0
21984,0.23505026,20–30%,0,0
4992,0.81956947,80–90%,1,1
16564,0.062672205,0–10%,0,0
25263,0.18048148,10–20%,0,0
26095,0.11370791,10–20%,0,0
10138,0.29167736,20–30%,0,1
11029,0.15621527,10–20%,0,0
3006,0.10975129,10–20%,0,0
2368,0.055562474,0–10%,0,0
19306,0.07367482,0–10%,0,0
12822,0.55447733,50–60%,1,0
11781,0.07119661,0–10%,0,0
23038,0.039709166,0–10%,0,0
29664,0.15252191,10–20%,0,0
9319,0.0573828,0–10%,0,0
24355,0.22217086,20–30%,0,0
2859,0.2767773,20–30%,0,0
4501,0.14918445,10–20%,0,1
26427,0.07742437,0–10%,0,0
6023,0.14560702,10–20%,0,0
29315,0.08401534,0–10%,0,0
5740,0.08522249,0–10%,0,0
20992,0.75862926,70–80%,1,1
3121,0.08245706,0–10%,0,0
9273,0.02790644,0–10%,0,0
26082,0.65158945,60–70%,1,0
23694,0.29814678,20–30%,0,0
5285,0.15181664,10–20%,0,0
14176,0.5865186,50–60%,1,1
25860,0.039040223,0–10%,0,0
18585,0.03931465,0–10%,0,0
4304,0.13034251,10–20%,0,0
7039,0.1999888,10–20%,0,0
7259,0.17779197,10–20%,0,0
16446,0.27222994,20–30%,0,1
9808,0.16079007,10–20%,0,0
5777,0.07970578,0–10%,0,0
12621,0.07232083,0–10%,0,0
20278,0.19622228,10–20%,0,1
20922,0.06469048,0–10%,0,1
6414,0.3118641,30–40%,1,0
12828,0.6344609,60–70%,1,0
28704,0.18535373,10–20%,0,0
19238,0.06678502,0–10%,0,0
3128,0.29688337,20–30%,0,0
19738,0.1411298,10–20%,0,0
6751,0.15979397,10–20%,0,1
28902,0.1910033,10–20%,0,0
6319,0.16409054,10–20%,0,0
26762,0.16690005,10–20%,0,0
22439,0.07155651,0–10%,0,0
3886,0.088266894,0–10%,0,0
18606,0.3019476,30–40%,1,1
777,0.20453155,20–30%,0,0
2665,0.18470982,10–20%,0,0
3685,0.06715976,0–10%,0,0
1350,0.3302939,30–40%,1,0
15513,0.058986906,0–10%,0,1
18915,0.16655163,10–20%,0,0
7268,0.73977005,70–80%,1,0
7154,0.7875304,70–80%,1,1
6789,0.15403268,10–20%,0,0
14959,0.24666323,20–30%,0,0
29576,0.5128713,50–60%,1,1
9324,0.07138297,0–10%,0,0
23499,0.09056904,0–10%,0,0
21337,0.08089282,0–10%,0,0
20072,0.057510346,0–10%,0,0
10282,0.09723932,0–10%,0,0
16964,0.11704595,10–20%,0,0
15861,0.73356014,70–80%,1,1
27058,0.13626438,10–20%,0,0
4671,0.08532621,0–10%,0,0
9267,0.112912335,10–20%,0,0
23125,0.14257233,10–20%,0,1
508,0.16440484,10–20%,0,0
25423,0.056021664,0–10%,0,0
4286,0.1275471,10–20%,0,0
25979,0.09068385,0–10%,0,0
11670,0.14585559,10–20%,0,0
10095,0.43320543,40–50%,1,0
11993,0.76650405,70–80%,1,0
4765,0.011882215,0–10%,0,0
9117,0.036617495,0–10%,0,0
12262,0.3585935,30–40%,1,0
13326,0.14950512,10–20%,0,1
4562,0.0755501,0–10%,0,0
20767,0.0837009,0–10%,0,1
27696,0.45865083,40–50%,1,1
24040,0.13362372,10–20%,0,0
22382,0.091194056,0–10%,0,0
16459,0.6905072,60–70%,1,1
4766,0.059318192,0–10%,0,0
26880,0.83724844,80–90%,1,0
28207,0.21690486,20–30%,0,0
24749,0.21666597,20–30%,0,0
22092,0.07624066,0–10%,0,0
14965,0.15465695,10–20%,0,0
12377,0.12025803,10–20%,0,0
28993,0.023632614,0–10%,0,1
10717,0.14271845,10–20%,0,0
18518,0.76918906,70–80%,1,1
24016,0.121746086,10–20%,0,0
4265,0.05580315,0–10%,0,0
15223,0.097093694,0–10%,0,1
24420,0.16918957,10–20%,0,0
24700,0.047259107,0–10%,0,0
29838,0.08548803,0–10%,0,1
16594,0.43045858,40–50%,1,1
23759,0.29604977,20–30%,0,1
29718,0.11764186,10–20%,0,0
8902,0.09370195,0–10%,0,0
22626,0.071187764,0–10%,0,0
24728,0.08762672,0–10%,0,0
28992,0.101888716,10–20%,0,0
477,0.23744977,20–30%,0,0
19001,0.18271522,10–20%,0,0
4387,0.562506,50–60%,1,1
21124,0.11184079,10–20%,0,0
25124,0.1495224,10–20%,0,0
7156,0.13697058,10–20%,0,0
12021,0.6745384,60–70%,1,1
28453,0.67446995,60–70%,1,1
1376,0.18008035,10–20%,0,0
28755,0.07811239,0–10%,0,0
5789,0.1586694,10–20%,0,0
20597,0.1960689,10–20%,0,1
13942,0.09444903,0–10%,0,0
13602,0.06533151,0–10%,0,0
24751,0.12463758,10–20%,0,0
11906,0.14578551,10–20%,0,1
22396,0.09183949,0–10%,0,0
14285,0.0262131,0–10%,0,0
24098,0.04853818,0–10%,0,0
6969,0.16610597,10–20%,0,0
21436,0.18168405,10–20%,0,0
26090,0.11214225,10–20%,0,0
9566,0.48594686,40–50%,1,1
25196,0.79962605,70–80%,1,1
20814,0.11984104,10–20%,0,0
13997,0.49695992,40–50%,1,1
23350,0.081189334,0–10%,0,1
8175,0.1079356,10–20%,0,1
28713,0.14469151,10–20%,0,0
8072,0.11975849,10–20%,0,0
13849,0.26421878,20–30%,0,0
27868,0.12432645,10–20%,0,1
17773,0.10783133,10–20%,0,0
1758,0.11102252,10–20%,0,0
29736,0.056700047,0–10%,0,0
8464,0.03932155,0–10%,0,0
22500,0.13117045,10–20%,0,0
18559,0.11464056,10–20%,0,0
7855,0.15679419,10–20%,0,0
21302,0.19095017,10–20%,0,0
12948,0.648769,60–70%,1,1
17462,0.06283739,0–10%,0,0
12726,0.16580161,10–20%,0,0
846,0.17117225,10–20%,0,0
21152,0.10755328,10–20%,0,0
25302,0.35773507,30–40%,1,0
27662,0.48815933,40–50%,1,0
27851,0.73008144,70–80%,1,0
29513,0.29420313,20–30%,0,0
16823,0.12967408,10–20%,0,0
4318,0.11952391,10–20%,0,0
448,0.045860086,0–10%,0,0
20365,0.16370215,10–20%,0,0
13483,0.09636226,0–10%,0,0
1275,0.24588224,20–30%,0,1
28629,0.17344499,10–20%,0,0
25882,0.13988695,10–20%,0,0
17892,0.311348,30–40%,1,0
4384,0.12258064,10–20%,0,0
18600,0.12841651,10–20%,0,0
12609,0.66003025,60–70%,1,1
14603,0.12928183,10–20%,0,0
27745,0.085245885,0–10%,0,0
4414,0.28067857,20–30%,0,0
17932,0.13260159,10–20%,0,0
18471,0.15211964,10–20%,0,0
11227,0.05201729,0–10%,0,0
7048,0.71271604,70–80%,1,1
29018,0.16427486,10–20%,0,0
25193,0.66426134,60–70%,1,1
5105,0.122813985,10–20%,0,0
2831,0.21163264,20–30%,0,0
21442,0.0770496,0–10%,0,0
12431,0.08036547,0–10%,0,0
25785,0.08084845,0–10%,0,0
28206,0.3197573,30–40%,1,1
8266,0.030380648,0–10%,0,0
14439,0.77973187,70–80%,1,1
8689,0.14579682,10–20%,0,1
23424,0.027198335,0–10%,0,0
25491,0.15380608,10–20%,0,0
14757,0.61442256,60–70%,1,0
25806,0.07291179,0–10%,0,0
11898,0.11141673,10–20%,0,0
16494,0.13241419,10–20%,0,0
25176,0.66910833,60–70%,1,0
5866,0.070960306,0–10%,0,0
6352,0.5837936,50–60%,1,0
14196,0.061178386,0–10%,0,0
27106,0.1578488,10–20%,0,0
26647,0.7224668,70–80%,1,1
15255,0.14422387,10–20%,0,0
14605,0.22883289,20–30%,0,0
10753,0.079918124,0–10%,0,1
27364,0.20935021,20–30%,0,0
8549,0.24317461,20–30%,0,0
10761,0.15326115,10–20%,0,1
10616,0.05272307,0–10%,0,0
6165,0.21879905,20–30%,0,0
24508,0.18207568,10–20%,0,0
6529,0.18890804,10–20%,0,0
28075,0.10617429,10–20%,0,0
626,0.15295212,10–20%,0,0
1543,0.14011247,10–20%,0,0
4038,0.16826326,10–20%,0,0
23127,0.07630083,0–10%,0,0
9205,0.14557822,10–20%,0,0
8043,0.056970265,0–10%,0,1
8254,0.18855533,10–20%,0,0
5613,0.1475332,10–20%,0,0
22822,0.10862869,10–20%,0,0
16642,0.47795025,40–50%,1,0
18491,0.07320906,0–10%,0,0
18558,0.066521585,0–10%,0,0
28258,0.14515732,10–20%,0,0
15462,0.25298378,20–30%,0,0
15872,0.08851218,0–10%,0,0
17818,0.13984716,10–20%,0,0
26650,0.5963565,50–60%,1,0
6222,0.1085293,10–20%,0,0
17911,0.22561952,20–30%,0,1
16277,0.07712221,0–10%,0,0
23988,0.31500924,30–40%,1,0
25230,0.13254473,10–20%,0,0
5971,0.10521496,10–20%,0,1
25850,0.25538948,20–30%,0,1
21057,0.67735183,60–70%,1,1
19551,0.680322,60–70%,1,0
23714,0.09765904,0–10%,0,0
3491,0.035823025,0–10%,0,0
26361,0.16046691,10–20%,0,0
28539,0.072639294,0–10%,0,0
11738,0.7615289,70–80%,1,1
8561,0.16353582,10–20%,0,0
24853,0.044176828,0–10%,0,0
28499,0.08726128,0–10%,0,0
987,0.35955235,30–40%,1,0
9030,0.14136192,10–20%,0,0
13801,0.3443475,30–40%,1,0
15568,0.0807388,0–10%,0,0
11727,0.09245904,0–10%,0,1
12740,0.1559138,10–20%,0,0
22075,0.20037545,20–30%,0,0
22755,0.08719094,0–10%,0,1
4964,0.05806872,0–10%,0,0
2568,0.4816943,40–50%,1,0
11875,0.05337421,0–10%,0,0
15806,0.09109813,0–10%,0,0
27493,0.10416484,10–20%,0,1
11221,0.21627453,20–30%,0,0
29879,0.10429524,10–20%,0,0
6670,0.117233835,10–20%,0,0
26631,0.3802645,30–40%,1,0
2884,0.06444191,0–10%,0,0
14683,0.05122206,0–10%,0,0
4423,0.15925354,10–20%,0,0
6933,0.11062588,10–20%,0,0
20249,0.2029393,20–30%,0,0
27165,0.31173575,30–40%,1,0
12783,0.23059943,20–30%,0,0
13706,0.12532197,10–20%,0,0
2374,0.8077705,80–90%,1,1
21244,0.099805474,0–10%,0,0
5744,0.038443,0–10%,0,0
25871,0.08121413,0–10%,0,0
13628,0.12847316,10–20%,0,0
24537,0.21136434,20–30%,0,0
4900,0.22351474,20–30%,0,1
26866,0.18343495,10–20%,0,1
29675,0.09504016,0–10%,0,0
22254,0.08662577,0–10%,0,0
28551,0.16823295,10–20%,0,0
1464,0.07270523,0–10%,0,0
131,0.32621366,30–40%,1,0
10942,0.2985549,20–30%,0,1
18199,0.09507677,0–10%,0,0
3520,0.3367356,30–40%,1,0
28215,0.16681999,10–20%,0,0
17314,0.346373,30–40%,1,0
1626,0.1259908,10–20%,0,0
1474,0.072845444,0–10%,0,1
16373,0.044375632,0–10%,0,0
26,0.19513348,10–20%,0,1
23308,0.11014706,10–20%,0,0
21188,0.16509306,10–20%,0,1
29717,0.11143863,10–20%,0,1
21992,0.088484004,0–10%,0,0
12958,0.66404027,60–70%,1,1
18761,0.05102782,0–10%,0,0
665,0.10974651,10–20%,0,0
17163,0.15182102,10–20%,0,0
12426,0.14931147,10–20%,0,0
20578,0.1508619,10–20%,0,0
26706,0.672709,60–70%,1,1
1706,0.7693182,70–80%,1,0
26966,0.17130613,10–20%,0,0
3810,0.101193644,10–20%,0,0
8071,0.1532645,10–20%,0,0
4709,0.050788563,0–10%,0,0
14326,0.06443477,0–10%,0,0
20376,0.2431674,20–30%,0,0
16820,0.120689504,10–20%,0,0
25105,0.108384274,10–20%,0,0
1684,0.10620115,10–20%,0,0
4305,0.21143112,20–30%,0,0
28812,0.06494821,0–10%,0,0
23254,0.08088682,0–10%,0,0
15703,0.20092525,20–30%,0,0
27053,0.7470047,70–80%,1,1
13969,0.07114359,0–10%,0,0
17065,0.09377979,0–10%,0,0
6717,0.104148425,10–20%,0,1
18733,0.13216197,10–20%,0,0
19124,0.05761906,0–10%,0,0
24402,0.027921353,0–10%,0,0
27349,0.18277845,10–20%,0,0
7798,0.24371642,20–30%,0,0
22061,0.08048816,0–10%,0,0
15208,0.22186086,20–30%,0,0
12750,0.54653823,50–60%,1,1
18905,0.17927717,10–20%,0,0
351,0.18293607,10–20%,0,0
8836,0.027802885,0–10%,0,0
1259,0.67971253,60–70%,1,0
27309,0.061112944,0–10%,0,0
29583,0.14883505,10–20%,0,0
24399,0.06533397,0–10%,0,0
